id, first_name, last_name, email, password, gross_income, fed_tax, on_tax, cpp, ei, net_income
1,Ardisj,Rosekilly,arosekilly0@census.gov,AzFVuMv8,220136,74561,31659,3500,953,109463
2,Wain,Tease,wtease1@nps.gov,F9kGvfb8Y,157476,6163,13488,3500,953,133373
3,Annabelle,Bellin,abellin2@baidu.com,97F71VXQgW9A,110544,5773,10922,3500,953,89397
4,Victoir,Coraini,vcoraini3@va.gov,5sOlDKN8yf,39951,2018,5993,2277,631,29032
5,Eveline,Newlove,enewlove4@time.com,KaPWyk,269535,81062,37602,3500,953,146419
6,Randa,Coltart,rcoltart5@biglobe.ne.jp,gJA5wkAs4gR8,292091,84030,45045,3500,953,158563
7,Tiena,Trembley,ttrembley6@spotify.com,ws66tMe,233588,76331,25739,3500,953,127065
8,Annabel,Wooster,awooster7@cnbc.com,ptDPOIgenfNU,277529,82114,40240,3500,953,150723
9,Cassandre,Christoffersen,cchristoffersen8@fastcompany.com,uEAUD8bW1hj,122499,7107,14030,3500,953,96910
10,Geoffry,Oswald,goswald9@jimdo.com,8WAZISHl,228938,75719,24205,3500,953,124561
11,Marrilee,Skirven,mskirvena@parallels.com,iTi8nUC,152522,5561,21836,3500,953,120673
12,Archambault,Owtram,aowtramb@blogspot.com,oSxA96VhS,121350,6979,13731,3500,953,96188
13,Mabelle,Mehew,mmehewc@bravesites.com,WHqxdBRTW82,284231,82996,42452,3500,953,154331
14,Rusty,Thurley,rthurleyd@drupal.org,91iJsq7trb,71887,4243,7207,3500,953,55984
15,Roosevelt,Bahl,rbahle@bing.com,HaygVcGP,241050,77313,28202,3500,953,131082
16,Amelia,Von Welden,avonweldenf@nydailynews.com,gmjehIPXrr,122658,7125,14071,3500,953,97010
17,Ingeborg,Lavender,ilavenderg@nationalgeographic.com,GTAHEz,232572,76197,25404,3500,953,126518
18,Umeko,Matisse,umatisseh@usa.gov,ZDfFs6IM2UrA,284729,83061,42616,3500,953,154599
19,Gay,McGhee,gmcgheei@huffingtonpost.com,9JeFMk,204808,11919,27214,3500,953,161223
20,Harald,Pyrah,hpyrahj@biblegateway.com,Fg36VxHF,226442,75391,23381,3500,953,123217
21,Luz,Rundle,lrundlek@slideshare.net,Aquc9gtIYN,266810,80703,36703,3500,953,144952
22,Fowler,Rain,frainl@live.com,wMIWTEJ9t,176810,8514,19095,3500,953,144749
23,Carver,Banaszkiewicz,cbanaszkiewiczm@webs.com,1SZJ5jvgm,168839,7545,16783,3500,953,140059
24,Dulcie,Treweke,dtreweken@godaddy.com,44jYOhRZ,116511,6439,12473,3500,953,93147
25,Nina,Hansel,nhanselo@cornell.edu,7CAO7pWE,271763,81355,38337,3500,953,147618
26,Tailor,Mooring,tmooringp@ftc.gov,PrPMZ69FycV,187312,9791,22140,3500,953,150928
27,Kahlil,Walczak,kwalczakq@aboutads.info,6LJ04SLHAbqr,169864,7669,17080,3500,953,140662
28,Rhiamon,Greene,rgreener@phpbb.com,4fDkg4,76512,4666,8156,3500,953,59238
29,Nil,Lathan,nlathans@usa.gov,Y8uoduaYpLbX,38684,1954,5803,2205,611,28112
30,Jessalin,Rawlinson,jrawlinsont@admin.ch,laYBt0XUk3j2,160172,6491,14270,3500,953,134959
31,Dougy,Statham,dstathamu@photobucket.com,BVtJun2i6,120951,6934,13627,3500,953,95937
32,Hildy,Ciccotto,hciccottov@naver.com,x3weiCA,30507,1541,4576,1739,482,22169
33,Drusi,Sahlstrom,dsahlstromw@un.org,4dPY21g4QrWV,83432,5299,9574,3500,953,64106
34,Selinda,Armour,sarmourx@amazon.com,WdplmYL,29718,1501,4458,1694,470,21596
35,Joscelin,Marsden,jmarsdeny@wordpress.org,sqMPWQaanN7p,273293,81556,38842,3500,953,148442
36,Kimmy,Volleth,kvollethz@qq.com,YqwTjpG,137162,8743,17842,3500,953,106124
37,Franni,Margerison,fmargerison10@theguardian.com,lq3HLAyAcx,182368,9190,20706,3500,953,148019
38,Ringo,Asquith,rasquith11@naver.com,kEDWw3hDbCOE,44065,2225,6610,2512,696,32022
39,Tobe,Juggins,tjuggins12@chron.com,uXc3oHzBkSU3,232736,76219,25458,3500,953,126606
40,Janot,Ludlam,jludlam13@cdbaby.com,HZXyYuSQzEU,54928,2691,3731,3131,868,44507
41,Lura,Llywarch,lllywarch14@hud.gov,FmEphhE,243474,77632,29002,3500,953,132388
42,Hanni,Featherstone,hfeatherstone15@indiatimes.com,b21WmWVrWD3,54522,2654,3648,3108,861,44251
43,Janeva,Boscher,jboscher16@usda.gov,In7P7nc7O4M0,262809,80177,35382,3500,953,142797
44,Wakefield,Linne,wlinne17@istockphoto.com,zDX4NvG,243514,77637,29015,3500,953,132409
45,Cassaundra,Rendall,crendall18@boston.com,Wf2kTBjBgB,230380,75909,24681,3500,953,125338
46,Creight,Whenham,cwhenham19@vistaprint.com,c5MQFbxHXjG,52701,2487,3274,3004,833,43103
47,Shelia,Attkins,sattkins1a@clickbank.net,gN1xCh4GBlxp,83297,5287,9547,3500,953,64011
48,Nikolai,Sattin,nsattin1b@ezinearticles.com,CnitbMVcOBK,111161,5842,11082,3500,953,89785
49,Nara,Aronstein,naronstein1c@house.gov,8ZBdY4Gl,289285,83661,44119,3500,953,157052
50,Anson,Greves,agreves1d@skyrock.com,C7Nj9veA7I,175663,8375,18762,3500,953,144074
51,Cristy,Rickeard,crickeard1e@vinaora.com,CoTF0OxtFx,224761,75170,22826,3500,953,122312
52,Scottie,Carletto,scarletto1f@hubpages.com,0MYruN,156842,6086,13304,3500,953,133000
53,Denny,Mercer,dmercer1g@mlb.com,IGCuNPkAyF,254038,79022,32488,3500,953,138075
54,Alta,Attree,aattree1h@weibo.com,k4jnMS,29753,1503,4463,1696,470,21622
55,Carolynn,Groom,cgroom1i@xrea.com,7cJnDNugEvep,177078,8547,19172,3500,953,144906
56,Pippo,Penwright,ppenwright1j@miibeian.gov.cn,f2HCcQ,172821,8029,17938,3500,953,142402
57,Stevana,Izzard,sizzard1k@de.vu,R2vfyL,75179,4544,7882,3500,953,58300
58,Stanford,Fritzer,sfritzer1l@oakley.com,UBfjGnSoa5y,222231,74837,21992,3500,953,120950
59,Jacinthe,Ramble,jramble1m@msn.com,pH8DvlkDx,87640,5684,10437,3500,953,67066
60,Kaleena,Nazer,knazer1n@ihg.com,AU4gs9F,172952,8045,17976,3500,953,142479
61,Elisa,O'Fallon,eofallon1o@wikispaces.com,kjxflceQuaQu,116191,6403,12390,3500,953,92946
62,Biddie,Doerling,bdoerling1p@webmd.com,GGtNOcS,244643,77786,29388,3500,953,133017
63,Sean,Levey,slevey1q@clickbank.net,8FIkGlLUt0iO,43305,2187,6496,2468,684,31470
64,Marge,Blare,mblare1r@chronoengine.com,jpxdHn,142237,9310,19162,3500,953,109313
65,Roosevelt,Roussell,rroussell1s@virginia.edu,QuN43p,238759,77012,27446,3500,953,129849
66,Manolo,Mettrick,mmettrick1t@vimeo.com,202l70iQfr,182414,9196,20720,3500,953,148046
67,Clayson,Brinklow,cbrinklow1u@ucoz.com,0uprL0pcVO8D,167995,7442,16538,3500,953,139562
68,Kriste,Fremantle,kfremantle1v@adobe.com,I1bsRR5sbE,176528,8480,19013,3500,953,144583
69,Gaspar,Neward,gneward1w@ed.gov,7ucbW6nOb,279040,82313,40739,3500,953,151536
70,Wandis,McVicker,wmcvicker1x@about.com,iqWNMJamXHvd,169317,7603,16922,3500,953,140340
71,Matt,Feuell,mfeuell1y@gnu.org,vykatyW,160460,6526,14353,3500,953,135128
72,Hymie,Legat,hlegat1z@mayoclinic.com,9FcZOA,296997,84676,46664,3500,953,161204
73,Maynard,Snedker,msnedker20@abc.net.au,iBoeTc,32264,1629,4840,1839,510,23446
74,Tulley,Eadmeades,teadmeades21@barnesandnoble.com,r9gYPUkuU,40845,2063,6127,2328,645,29682
75,Clarette,Mulvey,cmulvey22@goo.ne.jp,lKpRCkXl,105589,5220,9633,3500,953,86283
76,Chloe,McLachlan,cmclachlan23@blogtalkradio.com,xFKTRuZuiE,102301,4853,8778,3500,953,84217
77,Allin,Hanhart,ahanhart24@psu.edu,LKSXDvq8,196998,10969,24949,3500,953,156627
78,Roslyn,Malthus,rmalthus25@illinois.edu,KCUDJFO,136811,8704,17751,3500,953,105903
79,Gaby,Nockalls,gnockalls26@typepad.com,DmcKcbkFE9M,221731,74771,21827,3500,953,120681
80,Jimmy,MacAughtrie,jmacaughtrie27@redcross.org,baX2NoWA,247305,78136,30266,3500,953,134450
81,Daffie,Balasini,dbalasini28@google.pl,6aAxusByP,40831,2062,6125,2327,645,29672
82,Lyn,Scoble,lscoble29@ucoz.ru,P9yl1ztbmJLe,128478,7774,15584,3500,953,100667
83,Morey,Wieprecht,mwieprecht2a@dyndns.org,rxbOfXM,246823,78073,30107,3500,953,134191
84,Sollie,Carrick,scarrick2b@mail.ru,ymhV4O4drANE,291181,83910,44745,3500,953,158073
85,Reinwald,Whyler,rwhyler2c@ebay.co.uk,MDKeQrCeyJs,154867,5846,22446,3500,953,122123
86,Bibby,Ayree,bayree2d@fastcompany.com,CkUZzgq,27353,1381,4103,1559,432,19877
87,Hulda,McMurthy,hmcmurthy2e@rediff.com,yu8QGxNK,87611,5682,10431,3500,953,67046
88,Lucila,Greening,lgreening2f@theguardian.com,2hdLLiNBg5,59493,3109,4667,3391,940,47386
89,Noreen,Felgate,nfelgate2g@deviantart.com,KgkH2RoR7WMj,81996,5168,9280,3500,953,63096
90,Haley,Yedall,hyedall2h@nps.gov,ntLqI6ufFUAp,242272,77474,28605,3500,953,131740
91,Francine,Ive,five2i@noaa.gov,sCrvlqrcJ,188179,9897,22392,3500,953,151438
92,Livvie,Prestie,lprestie2j@bbc.co.uk,hqvzACdbNP,201978,11575,26393,3500,953,159558
93,Rani,Weerdenburg,rweerdenburg2k@whitehouse.gov,4wL8zWC,228180,75619,23955,3500,953,124153
94,Terrance,Gosson,tgosson2l@live.com,NR9hOx,155064,5870,22497,3500,953,122245
95,Leodora,Mallinder,lmallinder2m@google.pl,Qjultu,97802,4351,12520,3500,953,76479
96,Sephira,Bointon,sbointon2n@a8.net,2RHgFX4fP,178004,8659,19441,3500,953,145451
97,Henrietta,Tousey,htousey2o@vkontakte.ru,DtHdS8e,124801,7364,14628,3500,953,98356
98,Cynthy,Blunsum,cblunsum2p@wordpress.org,JK8Hap,59478,3108,4664,3390,940,47377
99,Ozzie,Renforth,orenforth2q@bloomberg.com,Iy1PEeo6,261977,80067,35108,3500,953,142350
100,Leigh,Badsey,lbadsey2r@infoseek.co.jp,pX5ndE3v1E,145770,9704,20080,3500,953,111533
101,Olly,Aitken,oaitken2s@ucsd.edu,xLhaVmVco,106416,5312,9848,3500,953,86803
102,Nance,Hallihane,nhallihane2t@paypal.com,lSntlwtjSzv,234579,76462,26066,3500,953,127598
103,Reagen,Gisburne,rgisburne2u@npr.org,QbI5nVXXWb,172130,7945,17737,3500,953,141995
104,Uri,Southerton,usoutherton2v@disqus.com,QbxfcLSeHRMU,142776,9370,19302,3500,953,109652
105,Simonne,Casewell,scasewell2w@newsvine.com,bIZKqt3,35582,1797,5337,2028,562,25857
106,Barrett,Seif,bseif2x@shinystat.com,SKbgzTOISU,74013,4438,7643,3500,953,57480
107,Elenore,Stoves,estoves2y@hugedomains.com,k4Swypa97d6,170824,7786,17359,3500,953,141227
108,Sigismondo,Antognozzii,santognozzii2z@hp.com,EmTz000Z,199209,11238,25590,3500,953,157928
109,Salvatore,Boothman,sboothman30@360.cn,p0DKYm,220982,74672,31905,3500,953,109953
110,Rolando,Messager,rmessager31@sina.com.cn,sR0IxYE,174790,8268,18509,3500,953,143560
111,Micheil,Carson,mcarson32@ox.ac.uk,qcO4UeFHX,170830,7787,17360,3500,953,141230
112,Dawn,Keyte,dkeyte33@geocities.com,bajSwXXuz,81826,5152,9245,3500,953,62976
113,Sybila,Wallman,swallman34@tumblr.com,vPY4FHia,128990,7831,15717,3500,953,100989
114,Charlot,Brewett,cbrewett35@walmart.com,JXXxQJq,142529,9342,19238,3500,953,109496
115,Addi,Whanstall,awhanstall36@shinystat.com,kvO1mY26LTIi,240042,77181,27869,3500,953,130540
116,Adriaens,Ruben,aruben37@tripadvisor.com,Q2tIjVHHJib,163107,6848,15121,3500,953,136686
117,Malva,Guiduzzi,mguiduzzi38@goo.ne.jp,5dGXJpXRoja,217970,13519,31031,3500,953,168967
118,Keelby,Astman,kastman39@elpais.com,cE97FvOIQ,96344,4188,12221,3500,953,75482
119,Saundra,Stot,sstot3a@liveinternet.ru,of8FNUwo,168008,7444,16542,3500,953,139570
120,Reeta,Hulks,rhulks3b@youtu.be,vk0mREuaFnZA,255243,79181,32886,3500,953,138724
121,Wald,Neames,wneames3c@webeden.co.uk,DPxin0kMp2,94076,3935,11756,3500,953,73932
122,Tarah,Jessard,tjessard3d@hostgator.com,uVq8vPF0aGWN,80068,4992,8885,3500,953,61739
123,Desmund,McCluney,dmccluney3e@nifty.com,CufMki6s,55312,2726,3810,3153,874,44749
124,Skylar,Rugge,srugge3f@sitemeter.com,gI3SvK,208754,12398,28358,3500,953,163545
125,Shannon,Aizikovitz,saizikovitz3g@histats.com,OzriphLt,206068,12072,27579,3500,953,161964
126,Lurlene,Blodgetts,lblodgetts3h@diigo.com,ZNgpgySq,273030,81522,38755,3500,953,148300
127,Benedetta,Cescoti,bcescoti3i@hao123.com,dCEyAU4J,179326,8820,19824,3500,953,146229
128,Rosita,Delgadillo,rdelgadillo3j@feedburner.com,B71ApbBsEF9Z,62168,3354,5215,3500,953,49147
129,Manfred,Dalglish,mdalglish3k@cloudflare.com,BIjZo3fNHcN,109339,5638,10608,3500,953,88640
130,Adrian,McMillam,amcmillam3l@hud.gov,UNWs1fLD,61460,3289,5070,3500,953,48649
131,Earl,Boorman,eboorman3m@chicagotribune.com,TQaljS,205304,11979,27358,3500,953,161515
132,Filippo,Varden,fvarden3n@people.com.cn,Oa2B5tC,233091,76266,25575,3500,953,126797
133,Vassily,Maylard,vmaylard3o@deviantart.com,bjHS10,163940,6949,15362,3500,953,137176
134,Clarke,Hounsome,chounsome3p@statcounter.com,hOQg4yDlzwi,136619,8683,17701,3500,953,105783
135,Baird,Dudmarsh,bdudmarsh3q@altervista.org,2VHlTqY1,161216,6618,14572,3500,953,135573
136,Shaylah,Trynor,strynor3r@imdb.com,zVzQVpSiGS,65793,3685,5958,3500,953,51697
137,Zorah,Mincher,zmincher3s@sciencedaily.com,9AHay6s4Y,152149,5515,21739,3500,953,120442
138,Paxon,Morstatt,pmorstatt3t@ebay.co.uk,zaXXklvwA,93987,3925,11738,3500,953,73871
139,Roldan,Geake,rgeake3u@si.edu,tRHgooq6b,37877,1913,5682,2159,598,27525
140,Humberto,Schild,hschild3v@usnews.com,rBn5Df9zUl,181932,9137,20580,3500,953,147762
141,Kattie,Ranscome,kranscome3w@webs.com,7sakUPcELGb4,50447,2281,2812,2875,797,41681
142,Conroy,Lusted,clusted3x@ftc.gov,dWxPmru,87477,5669,10403,3500,953,66952
143,Orelie,Musgrave,omusgrave3y@quantcast.com,sahrzY,268958,80986,37412,3500,953,146108
144,Barbabra,Tukesby,btukesby3z@jalbum.net,BurSUN,112475,5988,11424,3500,953,90611
145,Brit,Fawlo,bfawlo40@posterous.com,F5JD53XKxXh,267642,80813,36977,3500,953,145400
146,Walden,Sex,wsex41@slate.com,iMjjO6LGn,255544,79221,32985,3500,953,138886
147,Waneta,Dureden,wdureden42@nyu.edu,mLkFkVD2vEGC,99319,4520,12831,3500,953,77515
148,Shelby,Jurek,sjurek43@cloudflare.com,kjhUP4qlZ,202468,11634,26535,3500,953,159846
149,Malanie,Bezant,mbezant44@nydailynews.com,VRYbcx,208535,12372,28295,3500,953,163416
150,Bil,Paver,bpaver45@eepurl.com,ykACLHI,169695,7649,17031,3500,953,140562
151,Boothe,MacKegg,bmackegg46@is.gd,BYVpf70CAJrR,291723,83982,44924,3500,953,158365
152,Retha,Griss,rgriss47@digg.com,Ly1t4Rst7Mg8,220710,74636,31826,3500,953,109795
153,Celinda,Flatley,cflatley48@senate.gov,gVX2XBlDfmgY,232792,76226,25477,3500,953,126636
154,Graeme,Macvey,gmacvey49@ovh.net,992IBoU,282300,82742,41814,3500,953,153291
155,Harley,Melsome,hmelsome4a@wikipedia.org,eWVa6IwPWR,27299,1379,4095,1556,431,19838
156,Drucy,Teck,dteck4b@mit.edu,jwORMRBnkPTQ,114833,6251,12037,3500,953,92092
157,Gib,Reiling,greiling4c@liveinternet.ru,ONyyUTX,298122,84824,47036,3500,953,161810
158,Rhea,Shapcott,rshapcott4d@goodreads.com,3ccL9k,286518,83297,43206,3500,953,155562
159,Cheryl,Bonnett,cbonnett4e@cbsnews.com,TftFPlCN,197885,11077,25206,3500,953,157149
160,Abra,Mawhinney,amawhinney4f@constantcontact.com,sViYyBtuuWV,27495,1388,4124,1567,434,19981
161,Trever,Baysting,tbaysting4g@yale.edu,SE9CXlhC,240725,77270,28095,3500,953,130907
162,Anna-diane,Skelhorn,askelhorn4h@army.mil,ONeB6BrIO,35624,1799,5344,2031,563,25888
163,Charmane,Rosie,crosie4i@youtube.com,R1ankcQC0,288726,83587,43935,3500,953,156751
164,Allyn,MacWilliam,amacwilliam4j@rediff.com,GZqd417q,116336,6419,12427,3500,953,93037
165,Zebulon,Wayon,zwayon4k@bizjournals.com,TMiKEibxuLt6,166262,7231,16036,3500,953,138542
166,Crawford,Burnhams,cburnhams4l@hp.com,n1ztJjlQu6K6,295059,84421,46025,3500,953,160161
167,Kay,Henrot,khenrot4m@csmonitor.com,7eViDMUs9,188629,9951,22522,3500,953,151703
168,Sashenka,Fenix,sfenix4n@goo.ne.jp,KPr0jT1ijGK,126360,7538,15034,3500,953,99336
169,Sharyl,Crossland,scrossland4o@techcrunch.com,IUjzCFCRm7Z,259469,79737,34280,3500,953,140999
170,Silas,Skinn,sskinn4p@zimbio.com,VEpGM15GVm2,72638,4312,7361,3500,953,56512
171,Willy,Nancekivell,wnancekivell4q@nyu.edu,VvrhDqs4,190377,10164,23029,3500,953,152732
172,Neil,Janisson,njanisson4r@mashable.com,0bRYMqRwt,31456,1589,4718,1793,497,22859
173,Matilde,Maddy,mmaddy4s@hatena.ne.jp,h6MgeKtIbaI,133355,8319,16852,3500,953,103732
174,Jeffy,Outhwaite,jouthwaite4t@topsy.com,YxXl7FuK4b,120685,6905,13558,3500,953,95770
175,Vaughan,Gimson,vgimson4u@weibo.com,SaZKf7,56722,2855,4099,3233,896,45639
176,Bond,Gaitskell,bgaitskell4v@oracle.com,E6tOqtL6q8oH,95265,4068,12000,3500,953,74745
177,Matt,Sinkin,msinkin4w@weebly.com,peOXxF,274357,81696,39193,3500,953,149015
178,Renault,Gossage,rgossage4x@boston.com,gcRqadEL,128164,7739,15503,3500,953,100470
179,Zsazsa,Goldstein,zgoldstein4y@slashdot.org,WTCMbYkKfa42,204338,11862,27078,3500,953,160946
180,Cyrille,Alman,calman4z@senate.gov,fyS0ZYU,92851,3798,11505,3500,953,73095
181,Brenna,Matveyev,bmatveyev50@gnu.org,qMFpvog,222644,74891,22128,3500,953,121173
182,Valentin,Crus,vcrus51@reference.com,NDn64s1j4Vd0,246413,78019,29972,3500,953,133970
183,Cherilyn,Print,cprint52@sciencedirect.com,GNgjMpO0qtj,97462,4313,12450,3500,953,76246
184,Deane,Threadgold,dthreadgold53@reuters.com,Nn95sr7,137639,8797,17966,3500,953,106424
185,Hyatt,De Bruijne,hdebruijne54@craigslist.org,QmRlgy,84028,5354,9696,3500,953,64525
186,Ardis,O'Rudden,aorudden55@npr.org,TX4hmM9cnapi,81958,5164,9272,3500,953,63069
187,Lukas,Fencott,lfencott56@networksolutions.com,o34fRfZgm,44422,2243,6663,2532,702,32281
188,Nixie,Givens,ngivens57@engadget.com,u3US6uzr4Z6D,142224,9308,19158,3500,953,109305
189,Tanney,Mackro,tmackro58@lycos.com,3zHm8w0SBt,126322,7534,15024,3500,953,99312
190,Ruperta,Hubach,rhubach59@sitemeter.com,GvKGgF,184348,9431,21281,3500,953,149184
191,Sibby,Lanfear,slanfear5a@printfriendly.com,Q0HCduGaa,251864,78736,31770,3500,953,136905
192,Elston,Cosbey,ecosbey5b@examiner.com,KBijLs,35545,1795,5332,2026,562,25831
193,Audrie,Pawley,apawley5c@techcrunch.com,9DqSxob,191904,10350,23472,3500,953,153630
194,Matias,Leall,mleall5d@bluehost.com,jVu5NboGZ,120558,6890,13525,3500,953,95690
195,Oralee,Simmig,osimmig5e@bizjournals.com,Yx2Ccf1xFVL,93363,3855,11610,3500,953,73445
196,Thorndike,Ayllett,tayllett5f@prnewswire.com,GhcdC5U,268621,80942,37300,3500,953,145927
197,Misha,Volonte,mvolonte5g@state.tx.us,XhFqrn1,30794,1555,4619,1755,487,22378
198,Isabel,Acomb,iacomb5h@wordpress.com,nUZwLjH,108713,5569,10445,3500,953,88246
199,Jamesy,Reiner,jreiner5i@dion.ne.jp,HdhBeEGqMq,83917,5344,9674,3500,953,64447
200,Loella,Mendus,lmendus5j@purevolume.com,u6nYaMwofqaf,139345,8987,18410,3500,953,107496
201,Meredeth,Mc Ilwrick,mmcilwrick5k@multiply.com,kqEg7H,186934,9745,22031,3500,953,150706
202,Sheilah,Celle,scelle5l@4shared.com,ArFqyBpUL,95174,4058,11981,3500,953,74683
203,Joela,Driussi,jdriussi5m@unicef.org,Abx9hK,251556,78696,31669,3500,953,136739
204,Raf,MacColl,rmaccoll5n@people.com.cn,w0JLH1w,205775,12036,27495,3500,953,161792
205,Dave,Tregien,dtregien5o@mozilla.org,Akuj0CZ,298638,84892,47206,3500,953,162088
206,Ignatius,Matussov,imatussov5p@amazon.co.jp,DOPFL5aL5,229715,75821,24461,3500,953,124980
207,Colet,Irons,cirons5q@wired.com,QkQGxUb,36042,1820,5406,2054,569,26192
208,Eryn,Piser,episer5r@boston.com,T3RFydacMLQi,110974,5821,11033,3500,953,89667
209,Othilia,Carpmile,ocarpmile5s@ebay.com,UMF7KHD1ERC,198847,11194,25485,3500,953,157715
210,Fonzie,Laden,fladen5t@exblog.jp,LkbeZfK,180561,8970,20182,3500,953,146956
211,Rina,Muro,rmuro5u@yandex.ru,doASYF88DJrs,71184,4179,7063,3500,953,55489
212,Leonie,Malden,lmalden5v@jugem.jp,rcXZQUe,172079,7939,17723,3500,953,141965
213,Carmelle,Caldayrou,ccaldayrou5w@nsw.gov.au,hWvnm8iVo,35888,1812,5383,2046,567,26080
214,Micah,Faich,mfaich5x@economist.com,swF9CUvY7MX,251490,78687,31647,3500,953,136703
215,Megen,Josefson,mjosefson5y@hostgator.com,4pRNKYqtpYDD,190316,10156,23011,3500,953,152696
216,Carolyn,Mogey,cmogey5z@examiner.com,AXR38LJ3,268816,80967,37365,3500,953,146032
217,Cobbie,Eisold,ceisold60@spotify.com,w8kURt,207351,12228,27952,3500,953,162719
218,Moll,Weavill,mweavill61@illinois.edu,tteYVuY,131511,8113,16373,3500,953,102573
219,Valaree,Papes,vpapes62@sciencedaily.com,r8cJiZTQphsg,154839,5842,22438,3500,953,122106
220,Lebbie,Mabbot,lmabbot63@unblog.fr,nxDuuC,123256,7192,14227,3500,953,97385
221,Iosep,Targe,itarge64@deviantart.com,XoqQML2DBYjy,227684,75554,23791,3500,953,123886
222,Dawna,Asey,dasey65@digg.com,277LVoohZEu,144234,9533,19681,3500,953,110568
223,Danice,Jikovsky,djikovsky66@intel.com,HTVK5RnN,220614,74624,31798,3500,953,109740
224,Mikel,Monckman,mmonckman67@sbwire.com,EVSiqVMtYJeT,56531,2838,4059,3222,893,45518
225,Culley,Drejer,cdrejer68@engadget.com,vhB3tj,211156,12691,29055,3500,953,164958
226,Lindsy,Ramel,lramel69@redcross.org,WxXWMIUJzH2J,265750,80564,36353,3500,953,144381
227,Rem,Czyz,rczyz6a@de.vu,S633M3Azt2,251108,78637,31521,3500,953,136498
228,Janeczka,Marchington,jmarchington6b@soundcloud.com,pWjyKhkxyGyN,58251,2995,4412,3320,920,46603
229,Mattie,Bacchus,mbacchus6c@sfgate.com,cgMLeZ,77530,4759,8364,3500,953,59954
230,Shane,Feehan,sfeehan6d@msn.com,aDWZk6,286394,83280,43165,3500,953,155496
231,Brennan,Scroggins,bscroggins6e@archive.org,XO9SvHnBnGFp,50969,2329,2919,2905,805,42010
232,Durward,Danit,ddanit6f@mac.com,8i8nyRUFmN2,183196,9291,20947,3500,953,148506
233,Godfry,Pugh,gpugh6g@icio.us,eIPBSk,283776,82936,42301,3500,953,154086
234,Perry,Blundell,pblundell6h@webeden.co.uk,5xuNgOLghqb,173341,8092,18089,3500,953,142708
235,Beryl,Palia,bpalia6i@ow.ly,i95pKFBg,57364,2914,4230,3270,906,46044
236,Raviv,Bleazard,rbleazard6j@simplemachines.org,R9AHl1W,299261,84974,47411,3500,953,162423
237,Aharon,Hickin,ahickin6k@time.com,Vvq4drkae4u,203125,11714,26726,3500,953,160232
238,Druci,Tomaskunas,dtomaskunas6l@nationalgeographic.com,yvQjd4uHf,207585,12256,28019,3500,953,162857
239,Temp,Aubray,taubray6m@springer.com,7AAGx1lNTs3r,278098,82189,40428,3500,953,151029
240,Casandra,Bredee,cbredee6n@sogou.com,kSu52AD,278938,82299,40705,3500,953,151481
241,Novelia,Bohden,nbohden6o@foxnews.com,7tO2j01VB3y,91894,6074,11309,3500,953,70059
242,Gert,Ceely,gceely6p@mashable.com,ECizJZaADaA,280321,82481,41161,3500,953,152226
243,Horatio,Zanettini,hzanettini6q@pcworld.com,H3LM3nVrw,169542,7630,16987,3500,953,140472
244,Ruddie,Janata,rjanata6r@privacy.gov.au,zdFoumEUv4,48769,2128,7315,2780,771,35776
245,Staford,Leyborne,sleyborne6s@soup.io,ZPeiV1q,225418,75256,23043,3500,953,122666
246,Hamid,McFadin,hmcfadin6t@icq.com,cavfCLophFZm,170094,7697,17147,3500,953,140797
247,Karee,Wehden,kwehden6u@arstechnica.com,kUPDh7,75391,4564,7926,3500,953,58449
248,Frederico,Veck,fveck6v@japanpost.jp,hqUNcLaiPaQD,29328,1481,4399,1672,463,21313
249,Estrellita,Krysztofowicz,ekrysztofowicz6w@github.com,bu8zwLhVc,257691,79503,33693,3500,953,140042
250,Diane-marie,Ivey,divey6x@amazonaws.com,1s55xze,65921,3697,5984,3500,953,51787
251,Merry,Farron,mfarron6y@reddit.com,kKQZOvVMmuw,113285,6079,11634,3500,953,91120
252,Wes,Belt,wbelt6z@parallels.com,rMbCRjX,220566,74617,31784,3500,953,109712
253,Wernher,Nimmo,wnimmo70@buzzfeed.com,Xc8KTj4,130781,8031,16183,3500,953,102114
254,Willette,Edling,wedling71@marketwatch.com,kuUDI1lB,180313,8940,20111,3500,953,146810
255,Merrile,Soanes,msoanes72@earthlink.net,f9oMfz5FQcFn,28984,1464,4348,1652,458,21063
256,Rona,Gilbanks,rgilbanks73@drupal.org,iwOhaUWsm,125225,7411,14739,3500,953,98623
257,Yance,Marrows,ymarrows74@timesonline.co.uk,vflOJD,132225,8192,16559,3500,953,103021
258,Myrwyn,Caslin,mcaslin75@liveinternet.ru,vokXS8X,247981,78225,30489,3500,953,134814
259,Zena,Morrott,zmorrott76@mayoclinic.com,UoWEUyJ2,193425,10534,23913,3500,953,154525
260,Glad,Barthram,gbarthram77@clickbank.net,LKH9NRJ6,81333,5107,9144,3500,953,62629
261,Ashli,Myhan,amyhan78@prlog.org,KDMWzs,211836,12773,29252,3500,953,165358
262,Eudora,Loads,eloads79@a8.net,si7PDv,233278,76290,25637,3500,953,126898
263,Ara,Astbury,aastbury7a@harvard.edu,tZIEosab6j,176876,8522,19114,3500,953,144788
264,Ky,Ethelstone,kethelstone7b@surveymonkey.com,EhwmCuF,164377,7002,15489,3500,953,137433
265,Caterina,Madelin,cmadelin7c@cloudflare.com,mCKIhRMTbRx2,192062,10369,23518,3500,953,153723
266,Arlee,Jzhakov,ajzhakov7d@baidu.com,ui5dYCLURMO,158700,6312,13843,3500,953,134093
267,Fitz,Aubery,faubery7e@dropbox.com,quP0j5Zv,26146,1320,3922,1490,413,19000
268,Clareta,Kydde,ckydde7f@deviantart.com,aPs9Ht,290704,83848,44588,3500,953,157816
269,Rodrique,Colombier,rcolombier7g@blinklist.com,jMHGQb9Wuc,224899,75188,22872,3500,953,122387
270,Richmound,Bollis,rbollis7h@thetimes.co.uk,cSvDvJqzC9O,171002,7808,17410,3500,953,141331
271,Basilius,Troctor,btroctor7i@reference.com,iC8sgInsT,250392,78543,31285,3500,953,136112
272,Meagan,Baile,mbaile7j@virginia.edu,s2T5RB,222807,74912,22182,3500,953,121260
273,Portie,Turtle,pturtle7k@trellian.com,T8P1fxd,133541,8339,16901,3500,953,103848
274,Seumas,Dodgshon,sdodgshon7l@taobao.com,Ep4ZlPJBBZ,286680,83318,43260,3500,953,155650
275,Alika,Soloway,asoloway7m@alexa.com,xQKiHxHsf,235161,76538,26258,3500,953,127912
276,Thia,Pirozzi,tpirozzi7n@tiny.cc,u9AkQh,188978,9994,22623,3500,953,151908
277,Prisca,Carradice,pcarradice7o@gnu.org,aB46xjuo7p,236278,76685,26627,3500,953,128513
278,Matty,Felten,mfelten7p@creativecommons.org,K3o4aTW0Tb,63947,3516,5580,3500,953,50398
279,Chaddy,Desseine,cdesseine7q@dyndns.org,eg7QI6F,121846,7034,13860,3500,953,96499
280,Merwyn,Roscher,mroscher7r@1und1.de,NYKljhg,75991,4618,8049,3500,953,58871
281,Opaline,Scarsbrook,oscarsbrook7s@dropbox.com,zhxOzYWF,218916,13634,31305,3500,953,169524
282,Iorgo,Cafferty,icafferty7t@archive.org,A0jbyF2hGll,261793,80043,35047,3500,953,142250
283,Kat,Torre,ktorre7u@behance.net,J43jLY6,212163,12813,29347,3500,953,165550
284,Berke,Walker,bwalker7v@vinaora.com,YdFx8OPC5p,250961,78617,31472,3500,953,136419
285,Billy,Sprason,bsprason7w@kickstarter.com,dJGxAM1OVk,186819,9731,21997,3500,953,150638
286,Khalil,Corlett,kcorlett7x@umich.edu,U8RbSx,205308,11979,27359,3500,953,161517
287,Benedick,Bissell,bbissell7y@elpais.com,zHgPqN0T,129072,7841,15739,3500,953,101040
288,Ambrosi,Iliffe,ailiffe7z@webeden.co.uk,oqmUOTaAYj,33806,1707,5071,1927,534,24567
289,Audi,Gossart,agossart80@discuz.net,vhtPZ20hWo,160083,6480,14244,3500,953,134907
290,Roslyn,Grinstead,rgrinstead81@addtoany.com,a2uVLKSSVa4T,34299,1732,5145,1955,542,24925
291,Toni,Gotliffe,tgotliffe82@sogou.com,SgRurDAT,42283,2135,6342,2410,668,30727
292,Jany,Fielden,jfielden83@mapquest.com,f3pGnz,216488,13339,30601,3500,953,168095
293,Royal,Brome,rbrome84@shareasale.com,B8gEVvsqvpn,145518,9676,20015,3500,953,111375
294,Laurens,Linnitt,llinnitt85@freewebs.com,cbnyEp,110822,5804,10994,3500,953,89572
295,Farley,Gherardini,fgherardini86@aol.com,7QPD4E,89932,5894,10907,3500,953,68679
296,Kelci,Stammler,kstammler87@alexa.com,KazZytPmr4,250045,78497,31170,3500,953,135925
297,Delmore,Barlee,dbarlee88@blinklist.com,YogdSUA,200016,11336,25824,3500,953,158403
298,Sibella,Westlake,swestlake89@1und1.de,TmkQNu,90786,5972,11082,3500,953,69279
299,Coop,Downton,cdownton8a@themeforest.net,TwQaaj,215186,13181,30224,3500,953,167329
300,Thibaut,Pardew,tpardew8b@amazonaws.com,97RrYaVk,263646,80287,35659,3500,953,143248
301,Leighton,Vickars,lvickars8c@tripod.com,Du0mVL,139874,9046,18547,3500,953,107828
302,Putnem,De Pietri,pdepietri8d@t-online.de,dhTR1D,282036,82707,41727,3500,953,153149
303,Vassily,Carabine,vcarabine8e@msn.com,nEGmUQQpTFM,108957,5596,10509,3500,953,88400
304,Corinne,Feavearyear,cfeavearyear8f@t-online.de,sXTPdR4O0E9C,87238,5648,10354,3500,953,66783
305,Evanne,Guidotti,eguidotti8g@aboutads.info,7cfoo41KREkK,68476,3931,6508,3500,953,53584
306,Cirstoforo,Deveril,cdeveril8h@geocities.jp,BErKja,134798,8480,17228,3500,953,104638
307,Gauthier,Le - Count,glecount8i@ebay.co.uk,49eAtY,181370,9069,20417,3500,953,147432
308,Nikos,Oven,noven8j@about.com,q4MxlvoK,118780,6692,13063,3500,953,94573
309,Kristy,McClaurie,kmcclaurie8k@discuz.net,kIF9aeCjf3,98094,4383,12580,3500,953,76678
310,Cara,Kopec,ckopec8l@ucoz.com,XYiBTKgfnq,284224,82995,42449,3500,953,154327
311,Gwennie,Littley,glittley8m@jiathis.com,VRbtHn,295178,84436,46064,3500,953,160225
312,Joachim,Chatten,jchatten8n@hibu.com,NJTCBT0o,281562,82645,41571,3500,953,152894
313,Lyell,O' Molan,lomolan8o@pagesperso-orange.fr,FoXYgMUjoF1,277931,82167,40373,3500,953,150939
314,Carolyn,Sevior,csevior8p@wikipedia.org,NBIt7CN7gTC,97505,4318,12459,3500,953,76276
315,Grazia,Meynell,gmeynell8q@wsj.com,UjfPr5,60360,3188,4844,3441,953,47934
316,Eldin,Joselson,ejoselson8r@intel.com,sPS1JW0vx,192056,10368,23516,3500,953,153719
317,Gleda,Silverthorn,gsilverthorn8s@oracle.com,zU7w1yCw5g,45131,2279,6770,2572,713,32797
318,Paige,Hardman,phardman8t@cisco.com,HULedkm4Ezys,44594,2252,6689,2542,705,32406
319,Tiffany,Morrid,tmorrid8u@blogspot.com,egPuRXhzrlM,197502,11030,25095,3500,953,156924
320,Cristin,Pinnington,cpinnington8v@biblegateway.com,q2nOyHmv7F,55523,2746,3853,3165,877,44882
321,Ashlie,Blanchette,ablanchette8w@dell.com,TmrRFS,245214,77861,29576,3500,953,133324
322,Glenn,Washbrook,gwashbrook8x@freewebs.com,HA4zu8OYy3,34667,1751,5200,1976,548,25193
323,Jacinda,Melbert,jmelbert8y@qq.com,Spf1Zo,229615,75808,24428,3500,953,124926
324,Ive,Sexstone,isexstone8z@google.com.hk,HdQMgoR9tO,269991,81122,37752,3500,953,146664
325,Sutton,Davys,sdavys90@tiny.cc,pvEI6BopXW0,167929,7434,16519,3500,953,139523
326,Caz,Adamolli,cadamolli91@sogou.com,mqI1chq3,270101,81136,37789,3500,953,146723
327,Ernie,Asling,easling92@quantcast.com,sOkKT2qjs76,49964,2237,7495,2848,789,36595
328,Aila,Parken,aparken93@dropbox.com,7mwRjKZ,37736,1906,5660,2151,596,27423
329,Jacinda,Moylan,jmoylan94@tripod.com,vGGj3b,195491,10786,24512,3500,953,155741
330,Lynnette,Backler,lbackler95@histats.com,3OkGbbTN1,241476,77369,28342,3500,953,131312
331,Malcolm,Moehler,mmoehler96@hud.gov,5zSC5z2J,46934,1960,7040,2675,742,34517
332,Carissa,Edgler,cedgler97@flavors.me,ITs8ruzOR7,211115,12686,29043,3500,953,164934
333,Beniamino,Gonnelly,bgonnelly98@edublogs.org,7ugUh7YBo,121005,6940,13641,3500,953,95971
334,Rianon,Semiraz,rsemiraz99@youtube.com,3pi9IzFiCzM,150511,5316,21313,3500,953,119429
335,Boy,Lugsdin,blugsdin9a@biblegateway.com,lQ6zPZx3qKL,48664,2118,7300,2774,769,35704
336,Luz,Lummis,llummis9b@unesco.org,9wBd70XRXoI,244871,77816,29463,3500,953,133140
337,Malory,Dictus,mdictus9c@bigcartel.com,5JobbIuGUT,218842,13625,31284,3500,953,169480
338,Emlen,Slaght,eslaght9d@goodreads.com,wKrble83yc5,66428,3743,6088,3500,953,52144
339,Quincy,Kenson,qkenson9e@cloudflare.com,ZkvTx8N4c,60479,3199,4869,3447,953,48011
340,Latrena,Pydcock,lpydcock9f@wsj.com,Od862y,59264,3088,4620,3378,936,47242
341,Frazer,Allcroft,fallcroft9g@google.de,pXCaWGLF,289393,83675,44155,3500,953,157110
342,Hervey,Trinkwon,htrinkwon9h@photobucket.com,q69RD8hFK0D,200052,11340,25835,3500,953,158424
343,Holden,Feary,hfeary9i@cbslocal.com,nXtmIs5TP,105671,5229,9655,3500,953,86335
344,Roselin,McRobert,rmcrobert9j@flickr.com,P1jSyekBWf0Y,32594,1646,4889,1858,515,23686
345,Neely,Inglese,ninglese9k@boston.com,vuNpWNREB,299275,84976,47416,3500,953,162431
346,Bobby,Gregore,bgregore9l@sciencedaily.com,GWk21z4M1uJk,86762,5604,10257,3500,953,66449
347,Lorelle,Retchford,lretchford9m@drupal.org,FBcEbAaxvv9,286294,83267,43132,3500,953,155442
348,Kameko,Cash,kcash9n@fotki.com,L8r8vjCHxF,46953,1962,7043,2676,742,34530
349,Aubrey,Scannell,ascannell9o@bravesites.com,oiYN2q6qK4Y,74468,4479,7737,3500,953,57800
350,Geri,Copson,gcopson9p@elegantthemes.com,3I78q4oH,114187,6179,11869,3500,953,91686
351,Jilly,Colvin,jcolvin9q@patch.com,uoxiXT3VD,219459,13700,31463,3500,953,169843
352,Lisette,Petlyura,lpetlyura9r@about.me,E5Nv7qo7c3C,188828,9975,22580,3500,953,151820
353,Uta,Gouck,ugouck9s@digg.com,3iiB9vxC,264637,80417,35986,3500,953,143782
354,Vale,Sherman,vsherman9t@ycombinator.com,EjNj0CY,46920,1959,7038,2674,741,34508
355,Regan,Seyffert,rseyffert9u@eepurl.com,LGGAgx,212523,12857,29451,3500,953,165762
356,Sheffield,Murch,smurch9v@nih.gov,1Hlc4EOX,255065,79158,32827,3500,953,138628
357,Ricoriki,Biss,rbiss9w@nasa.gov,OrnHfqylLMiY,287430,83417,43507,3500,953,156053
358,Maiga,Van den Broek,mvandenbroek9x@answers.com,hEMDNKza,249484,78423,30985,3500,953,135623
359,Mireielle,Meah,mmeah9y@upenn.edu,qRhr34ef4OoS,100114,4609,12994,3500,953,78059
360,Granger,Dust,gdust9z@webeden.co.uk,kVKy1HVGh,197211,10995,25011,3500,953,156753
361,Barris,Clissell,bclissella0@nba.com,YaGW8nyMxaYE,31698,1601,4755,1807,501,23035
362,Bourke,Duckworth,bduckwortha1@cisco.com,p80zjCK,82821,5243,9449,3500,953,63676
363,Caryl,Brennan,cbrennana2@zdnet.com,01LEc7sh,160193,6493,14276,3500,953,134971
364,Reynard,Roseman,rrosemana3@washington.edu,pc1l8N,35878,1812,5382,2045,567,26073
365,Modestia,Sweetman,msweetmana4@mit.edu,WOIAbqA,214422,13088,30002,3500,953,166880
366,Marlon,Caldeiro,mcaldeiroa5@wordpress.com,ktSxM0Xvcit,87338,5657,10375,3500,953,66854
367,Geraldine,Whillock,gwhillocka6@canalblog.com,Gx8aDdeFFn,54092,2615,3559,3083,855,43980
368,Avrit,Keeltagh,akeeltagha7@163.com,ZGldi4L2W,48889,2139,7333,2787,772,35858
369,Clovis,MacLachlan,cmaclachlana8@paypal.com,1T5KY2gLWR,261746,80037,35032,3500,953,142225
370,Bernelle,Cordelette,bcordelettea9@123-reg.co.uk,M0RFrM,112083,5945,11322,3500,953,90364
371,Henrik,Bern,hbernaa@nationalgeographic.com,83Z3GtPhMRGv,29415,1485,4412,1677,465,21376
372,Corina,Knutsen,cknutsenab@elegantthemes.com,m2MNlUYMBmb2,37479,1893,5622,2136,592,27236
373,Rey,Summerrell,rsummerrellac@mozilla.org,hGH2NWMhfz,156821,6083,13298,3500,953,132987
374,Fabiano,Keune,fkeunead@cnn.com,ZyHgnF6Iirl5,115468,6322,12202,3500,953,92491
375,Robena,de Pinna,rdepinnaae@wired.com,ABOC8i,28218,1425,4233,1608,446,20506
376,Guthrey,Nacci,gnacciaf@aboutads.info,0zZMVXOqL,215510,13220,30318,3500,953,167520
377,Kaiser,Seymour,kseymourag@geocities.jp,RZefRitY,122312,7086,13981,3500,953,96792
378,Agathe,Wingeatt,awingeattah@delicious.com,Ga5xMmflO,160892,6578,14478,3500,953,135383
379,Dorian,Rounsefull,drounsefullai@cloudflare.com,MUQuvRzmu,39122,1976,5868,2230,618,28430
380,Laurie,Leech,lleechaj@dailymotion.com,LeDwfi,206227,12091,27626,3500,953,162058
381,Newton,Baty,nbatyak@ebay.co.uk,hsSMpSrn7g,191518,10303,23360,3500,953,153403
382,Rickard,Caseri,rcaserial@fc2.com,TDlVNenROsM,264931,80456,36083,3500,953,143940
383,Karim,Gramer,kgrameram@domainmarket.com,0165BdqUq,151495,5436,21569,3500,953,120038
384,Josephina,Ghilks,jghilksan@wired.com,crNXMp8b,292907,84138,45315,3500,953,159002
385,Raynell,Blaney,rblaneyao@home.pl,7F3R28vq,104761,5127,9418,3500,953,85763
386,Kenna,Le Floch,kleflochap@soundcloud.com,MlJ0yKUbi,251235,78654,31563,3500,953,136566
387,Ring,Kobpa,rkobpaaq@walmart.com,5fgqRTpksJ,115002,6270,12081,3500,953,92199
388,Marlena,Greenin,mgreeninar@vimeo.com,Gh1tS9,122281,7083,13973,3500,953,96773
389,Demetrius,Blazi,dblazias@oaic.gov.au,nnLlJh102,157491,6165,13492,3500,953,133381
390,Georgette,Cockell,gcockellat@jiathis.com,FydzLXlWD,295263,84448,46092,3500,953,160271
391,Tuck,Lowen,tlowenau@japanpost.jp,1QjEQrJYI5sh,250538,78562,31333,3500,953,136191
392,Savina,Russi,srussiav@aol.com,5V1pJ8TSy8h,167574,7391,16416,3500,953,139314
393,Farlay,Kitchin,fkitchinaw@shutterfly.com,gU8UVNPHsJ8,93757,3899,11691,3500,953,73714
394,Lira,Moret,lmoretax@feedburner.com,pAWOkZd54fZX,198812,11190,25475,3500,953,157695
395,Brandice,Migheli,bmigheliay@fc2.com,icmZrJ,31035,1567,4655,1769,490,22553
396,Fitz,Nother,fnotheraz@deviantart.com,aBPbsSEh1HUS,76963,4707,8248,3500,953,59555
397,Anson,Sigart,asigartb0@ameblo.jp,Xkvb0qB8b,157598,6178,13523,3500,953,133444
398,Jdavie,Guly,jgulyb1@flickr.com,4KO8ZS5w0,204175,11842,27031,3500,953,160850
399,Alan,Guarin,aguarinb2@oakley.com,mcOqjZDE,53869,2594,3514,3071,851,43839
400,Daniele,Pakes,dpakesb3@bizjournals.com,acUeZPzM9,199100,11225,25559,3500,953,157864
401,Berry,Pendlington,bpendlingtonb4@microsoft.com,Y7mrxDd4IA3r,112336,5973,11387,3500,953,90523
402,Mikaela,Tippett,mtippettb5@ning.com,TiQkPneP,25478,1287,3822,1452,403,18515
403,Willow,Scutts,wscuttsb6@google.cn,cr7enFWXuKe,147939,9946,20644,3500,953,112896
404,Traver,McRavey,tmcraveyb7@ameblo.jp,c66eJyWw,96793,4238,12313,3500,953,75789
405,Aida,Couche,acoucheb8@cdc.gov,eAhxCI,145153,9635,19920,3500,953,111145
406,Jillene,Errol,jerrolb9@cloudflare.com,WP6SmLhuUVl,206146,12081,27602,3500,953,162010
407,Courtney,Quye,cquyeba@biglobe.ne.jp,bdP2xx,84033,5354,9697,3500,953,64529
408,Bordy,Leel,bleelbb@foxnews.com,UFE3ngf4M,93555,3877,11649,3500,953,73576
409,Ralph,McCrudden,rmccruddenbc@shutterfly.com,rO6PaiW,40818,2061,6123,2327,645,29662
410,Karen,Wrintmore,kwrintmorebd@fotki.com,XzjVsNDWc9,187905,9863,22312,3500,953,151277
411,Eolande,Licciardo,elicciardobe@naver.com,TxQIUWXVM,137330,8762,17886,3500,953,106229
412,Evaleen,Perrot,eperrotbf@ft.com,sU2PmzbbuyF,204297,11857,27066,3500,953,160922
413,Francklin,Dignon,fdignonbg@tinyurl.com,o2BXUZzif0,111246,5851,11104,3500,953,89838
414,Merle,Dyment,mdymentbh@macromedia.com,REPuyxMk6,184684,9472,21378,3500,953,149382
415,Elaine,Gruby,egrubybi@hatena.ne.jp,on6RE5Gv,241355,77353,28303,3500,953,131247
416,Currey,Aubery,cauberybj@archive.org,ax80H0,117766,6579,12799,3500,953,93935
417,Keen,Espada,kespadabk@ycombinator.com,0e8euMJI,121311,6974,13721,3500,953,96163
418,Ernie,Hellwig,ehellwigbl@mayoclinic.com,ia2hCk4kvo,176319,8454,18952,3500,953,144460
419,Gisele,Nelthorpe,gnelthorpebm@seesaa.net,piH2dOs8,42423,2142,6363,2418,670,30829
420,Hildy,Geach,hgeachbn@myspace.com,GMeD8W03qm,172208,7954,17760,3500,953,142041
421,Maryl,Gunney,mgunneybo@dot.gov,9t3PRIf2a3m,258538,79615,33973,3500,953,140498
422,Reece,Brient,rbrientbp@sohu.com,EXgGNkt08,85224,5463,9942,3500,953,65367
423,Sophie,Trudgian,strudgianbq@desdev.cn,9zAIDynW8E5d,30960,1563,4644,1765,489,22499
424,Thibaud,Staten,tstatenbr@unblog.fr,e4EjL0M,83673,5321,9624,3500,953,64275
425,Kristian,Hylton,khyltonbs@boston.com,e1qGmEhz6,218521,13586,31191,3500,953,169291
426,Katharina,Kleyn,kkleynbt@amazonaws.com,4nM6Qp18AJ,224155,75090,22627,3500,953,121986
427,Cathe,Moorton,cmoortonbu@wsj.com,bdvjqAm,190070,10127,22940,3500,953,152551
428,Kamilah,Prettejohns,kprettejohnsbv@virginia.edu,MOysDF,28511,1440,4277,1625,450,20719
429,Bertine,Roser,broserbw@nih.gov,ErzJPDsaRK7,154048,5746,22233,3500,953,121617
430,Nathan,Kruschov,nkruschovbx@oaic.gov.au,D3kr8NR,248111,78242,30532,3500,953,134884
431,Nick,Tumpane,ntumpaneby@dagondesign.com,XKT7PZl,293133,84167,45389,3500,953,159124
432,Cherlyn,Dummer,cdummerbz@etsy.com,4fo1ks,269329,81035,37534,3500,953,146308
433,Gerladina,Alpine,galpinec0@chicagotribune.com,Hbibkpti,210016,12552,28724,3500,953,164287
434,Tomas,Gillio,tgillioc1@flickr.com,AqeKgn,104430,5091,9332,3500,953,85555
435,Amory,Conrad,aconradc2@ocn.ne.jp,dsnfo1AtLWef,68513,3934,6516,3500,953,53610
436,Lynette,Benedetti,lbenedettic3@fema.gov,9KLOn2fFM,259563,79749,34311,3500,953,141050
437,Ashli,Bukac,abukacc4@go.com,uubacnS,122442,7101,14015,3500,953,96874
438,Jourdain,Wharin,jwharinc5@theglobeandmail.com,9vT5h3,69314,4008,6680,3500,953,54174
439,Nessie,Loveitt,nloveittc6@sphinn.com,mwgNSJpnJk,183691,9351,21090,3500,953,148797
440,Maddy,Nockells,mnockellsc7@deliciousdays.com,pCBrbeHEJEgq,118328,6642,12945,3500,953,94289
441,Dottie,Davion,ddavionc8@stumbleupon.com,OiDcQYYRoRce,97182,4282,12393,3500,953,76055
442,Donica,Sickamore,dsickamorec9@cornell.edu,zRyKa2bO,228507,75663,24063,3500,953,124329
443,Jeddy,Van der Kruys,jvanderkruysca@comsenz.com,v2oQGOmW6m,140429,9108,18692,3500,953,108177
444,Delaney,Bradden,dbraddencb@state.gov,9tx2IGFjmO,30720,1551,4608,1751,485,22324
445,Rowland,Speddin,rspeddincc@google.cn,bxoeEtOPsT2k,296233,84575,46412,3500,953,160793
446,Xylina,Risborough,xrisboroughcd@japanpost.jp,u74lIy45jZq,120350,6867,13471,3500,953,95559
447,Kalle,Fontes,kfontesce@bloglines.com,wyazvY67u,134786,8478,17224,3500,953,104631
448,Otis,Batsford,obatsfordcf@plala.or.jp,vnS4VJc,58968,3061,4559,3361,932,47055
449,Charyl,Boxer,cboxercg@elegantthemes.com,XD4UskJ,249786,78463,31085,3500,953,135786
450,Kelsy,Clapston,kclapstonch@craigslist.org,zWQB16NbY,53091,2523,3354,3026,839,43349
451,Marrissa,Evill,mevillci@angelfire.com,LO8Oox8uVIoO,93943,3920,11729,3500,953,73841
452,Carmelia,Allain,callaincj@bloomberg.com,HriW4Ugc,280494,82504,41218,3500,953,152319
453,Leontine,Mahoney,lmahoneyck@microsoft.com,4senoYk,139772,9035,18521,3500,953,107764
454,Leland,Sloey,lsloeycl@unicef.org,RQfE9npxrZv,150240,5283,21242,3500,953,119262
455,Saundra,Gutridge,sgutridgecm@businessinsider.com,0lwUm4um,269513,81059,37595,3500,953,146407
456,Donnie,Antonin,dantonincn@cnbc.com,gclQxft,117383,6536,12700,3500,953,93695
457,Doll,Fearon,dfearonco@businessinsider.com,fc73OFwT,176100,8428,18889,3500,953,144331
458,Keven,Cranson,kcransoncp@rambler.ru,jyriXyqef,201455,11511,26242,3500,953,159250
459,Rochette,Monckton,rmoncktoncq@princeton.edu,ztusW6DBeKeS,224969,75197,22895,3500,953,122424
460,Gherardo,Salasar,gsalasarcr@drupal.org,JLu4QrkBgVG,276669,82001,39956,3500,953,150260
461,Welbie,Giacomini,wgiacominics@feedburner.com,EyrZbfxa,227048,75471,23581,3500,953,123544
462,Patty,Gentil,pgentilct@shop-pro.jp,DyNts5tF,125750,7470,14875,3500,953,98953
463,Libbey,Ebdin,lebdincu@gizmodo.com,xTBepJ53y,161604,6665,14685,3500,953,135802
464,Nerty,Marin,nmarincv@miibeian.gov.cn,Ta0Zx6,169805,7662,17063,3500,953,140627
465,Binnie,Grzeszczak,bgrzeszczakcw@boston.com,BV3EFVLQqR,247522,78165,30338,3500,953,134567
466,Doyle,Lowcock,dlowcockcx@ovh.net,RZUsQo8u8,284653,83051,42591,3500,953,154558
467,Elwyn,Zanre,ezanrecy@shop-pro.jp,wRjSRVx,245222,77862,29579,3500,953,133329
468,Gaston,Fibbens,gfibbenscz@shareasale.com,NYaho5,192050,10367,23514,3500,953,153716
469,Selma,Wallbutton,swallbuttond0@netvibes.com,WluvIIelnh,82415,5206,9366,3500,953,63390
470,Allsun,de Leon,adeleond1@cnbc.com,ZvnbG91qXmmt,52157,2438,3163,2973,824,42759
471,Courtenay,Elwyn,celwynd2@netscape.com,ItU6zFNR,156839,6086,13303,3500,953,132998
472,Jessalyn,Jakubowski,jjakubowskid3@sina.com.cn,C40FDm,76852,4697,8225,3500,953,59477
473,Arden,Hammatt,ahammattd4@bbc.co.uk,vIxdydE,96617,4219,12277,3500,953,75669
474,Lydia,Postan,lpostand5@cocolog-nifty.com,kbXR93vFAF,180304,8939,20108,3500,953,146805
475,Leo,Towers,ltowersd6@foxnews.com,lglpn1MR,289781,83726,44283,3500,953,157319
476,Frederico,Mattevi,fmattevid7@hp.com,52tO2A,30869,1559,4630,1760,488,22433
477,Carolan,Simla,csimlad8@sina.com.cn,dAHXrkRR,184359,9432,21284,3500,953,149191
478,Lily,Dunkerley,ldunkerleyd9@w3.org,al0RftOD,172493,7989,17843,3500,953,142209
479,Cristen,Mazzilli,cmazzillida@unesco.org,6K6oylQAS,187695,9838,22251,3500,953,151153
480,Dacy,Garnsworth,dgarnsworthdb@census.gov,98CoEQn9VAP,102450,4870,8817,3500,953,84311
481,Ximenez,Pratten,xprattendc@dot.gov,bNi0WFJlb6f5,72331,4284,7298,3500,953,56296
482,Tybi,Dornin,tdornindd@theglobeandmail.com,soglAkl,250778,78593,31412,3500,953,136320
483,Natala,Milmore,nmilmorede@mit.edu,lbf5f5,28187,1423,4228,1607,445,20483
484,Cecile,Wykey,cwykeydf@last.fm,fJpSWk0k,127089,7619,15223,3500,953,99794
485,Christye,Ballance,cballancedg@4shared.com,eZc5j8nf,75911,4611,8032,3500,953,58815
486,Alvina,Kubelka,akubelkadh@networkadvertising.org,qFgX5Hpx,185984,9630,21755,3500,953,150147
487,Chastity,Devereux,cdevereuxdi@php.net,zwrYYXY,102934,4924,8943,3500,953,84615
488,Yoshi,Corley,ycorleydj@scientificamerican.com,gKXvX6mgcK,200705,11420,26024,3500,953,158809
489,Dell,Sydry,dsydrydk@xing.com,Ym9GuH,128597,7788,15615,3500,953,100742
490,Philippine,O'Towey,potoweydl@live.com,9fxO2oKxj,138546,8898,18202,3500,953,106994
491,Theodoric,Clixby,tclixbydm@canalblog.com,kyI1XE05qbQF,103056,4937,8975,3500,953,84692
492,Alanah,Roots,arootsdn@wikipedia.org,CGWaFcid,225844,75312,23184,3500,953,122896
493,Halsy,Nusche,hnuschedo@wsj.com,JF2yUtWp,167071,7330,16270,3500,953,139018
494,Madelena,Meckiff,mmeckiffdp@tamu.edu,ezucO00hCIC,49281,2175,7392,2809,779,36127
495,Joli,Dawltrey,jdawltreydq@senate.gov,KySa4B,85833,5519,10066,3500,953,65795
496,Gennifer,Brambley,gbrambleydr@ow.ly,MJF6jKGEVf,100391,4640,13051,3500,953,78248
497,Jose,Smurfitt,jsmurfittds@so-net.ne.jp,FFFr4ryYx,96677,4225,12289,3500,953,75710
498,Lyn,Burehill,lburehilldt@purevolume.com,kWJavKY,208043,12312,28152,3500,953,163126
499,Drucill,Totton,dtottondu@ebay.com,PjSvvF,188286,9910,22423,3500,953,151501
500,Salim,Doward,sdowarddv@parallels.com,py7o9Sb5,233692,76345,25774,3500,953,127121
501,Amye,Tesauro,atesaurodw@edublogs.org,JMF0qWI,161705,6677,14714,3500,953,135861
502,Lynda,Kertess,lkertessdx@independent.co.uk,9ubR9uS1avz,28386,1433,4258,1618,448,20628
503,Julie,Yakovlev,jyakovlevdy@bloglovin.com,QoB1c8nLSUt9,139800,9038,18528,3500,953,107782
504,Lucky,Nussii,lnussiidz@mac.com,yu1aOU3aV,121092,6950,13664,3500,953,96025
505,Dasie,Chubb,dchubbe0@squidoo.com,blrgZz9t,164893,7065,15639,3500,953,137737
506,Brietta,Embery,bemberye1@state.tx.us,GgSK9LW2d,97166,4280,12390,3500,953,76044
507,Dani,Arkwright,darkwrighte2@technorati.com,Hsh6sVW,167005,7322,16251,3500,953,138979
508,Clevey,Raittie,craittiee3@omniture.com,sCtCbACL,55418,2736,3831,3159,876,44816
509,Antoinette,Tirrell,atirrelle4@gov.uk,yk8QsRpN,98466,4425,12656,3500,953,76932
510,Hallsy,Sturte,hsturtee5@php.net,NewffL,284694,83057,42604,3500,953,154580
511,Petronilla,Thebeau,pthebeaue6@ucoz.ru,97rOUMx,105255,5183,9546,3500,953,86073
512,Modestine,Hand,mhande7@ameblo.jp,zggU8Y0NUl1,234279,76422,25967,3500,953,127437
513,Harmony,Wheelhouse,hwheelhousee8@alibaba.com,Rz7bGfq,162152,6732,14844,3500,953,136124
514,Rochette,Paur,rpaure9@qq.com,Te8jNYvucya,272650,81472,38630,3500,953,148096
515,Ulrika,Laws,ulawsea@twitpic.com,dKVw4pTbM,172158,7948,17746,3500,953,142011
516,Talia,O'Conor,toconoreb@delicious.com,nISGKcXUI,278383,82226,40522,3500,953,151183
517,Xerxes,Lapsley,xlapsleyec@tripadvisor.com,PsoVWYxRq,170411,7736,17239,3500,953,140984
518,Abran,Aymeric,aaymericed@wikia.com,WESHEhFOuCwX,220869,74657,31872,3500,953,109887
519,Isa,Vasyunkin,ivasyunkinee@cloudflare.com,hUMjDPhQh,39782,2009,5967,2268,629,28910
520,Trixi,Brownsett,tbrownsettef@bloglines.com,mv98IDJUoUj,53431,2554,3424,3046,844,43563
521,Theresa,Trevain,ttrevaineg@com.com,XDbnG4UBwm,87835,5702,10477,3500,953,67203
522,Tory,Gahagan,tgahaganeh@dot.gov,jKnN82sXd,225982,75330,23229,3500,953,122970
523,Ferd,Francombe,ffrancombeei@godaddy.com,Q8BZD0GshqW9,87631,5684,10435,3500,953,67060
524,Gal,Janew,gjanewej@bluehost.com,Dwh7Kv2O9ASF,65184,3630,5833,3500,953,51268
525,Allina,Ladson,aladsonek@blogger.com,uToCRNBv59bq,136348,8653,17631,3500,953,105612
526,Temple,Bagwell,tbagwellel@unc.edu,OEzeZ6qxvSg,271283,81292,38179,3500,953,147360
527,Imelda,Moir,imoirem@elpais.com,1JrPcQOQ,150268,5287,21250,3500,953,119279
528,Zak,Talton,ztaltonen@hud.gov,DkTq0t1,268342,80905,37208,3500,953,145776
529,Robbyn,Olle,rolleeo@microsoft.com,QBCtHG,228696,75687,24125,3500,953,124431
530,Maisey,Jollands,mjollandsep@samsung.com,11AvuiJ3Ht1,94371,3968,11817,3500,953,74134
531,Silas,Rankcom,srankcomeq@ocn.ne.jp,aJDieN,267515,80796,36935,3500,953,145331
532,Ag,Jacmard,ajacmarder@imdb.com,MC0Z6cCFi,67621,3853,6333,3500,953,52983
533,Rabbi,Breach,rbreaches@mediafire.com,2mzINgTz0,83731,5327,9635,3500,953,64316
534,Noellyn,Ealles,nealleset@squarespace.com,Fc87NPbUR1f,219395,13692,31444,3500,953,169806
535,Morgen,Swaddle,mswaddleeu@yelp.com,c4gsjPRT,40992,2070,6149,2337,648,29789
536,Lory,Crowch,lcrowchev@alibaba.com,FbfyZG4Eh,137466,8777,17921,3500,953,106315
537,Verine,Boustred,vboustredew@illinois.edu,x6Oi2Qgj,134646,8463,17188,3500,953,104543
538,Erina,Boulsher,eboulsherex@loc.gov,wIio8b1ox,50486,2285,2820,2878,798,41706
539,Annecorinne,Michie,amichieey@adobe.com,c5s6fthE,49257,2172,7389,2808,778,36110
540,Harlin,Walkley,hwalkleyez@google.de,v6rKdFAy,201134,11472,26149,3500,953,159061
541,Nikoletta,Wilce,nwilcef0@ehow.com,tDLwIC9mdV8,44599,2252,6690,2542,705,32410
542,Pete,Lough,ploughf1@delicious.com,W9JKQHZw,171171,7828,17459,3500,953,141431
543,Gabriellia,Belchamber,gbelchamberf2@china.com.cn,JeXnKTz8o,37823,1910,5673,2156,598,27486
544,Maxine,Normant,mnormantf3@rediff.com,v7HILZ5s,128723,7802,15648,3500,953,100821
545,Richart,Ciardo,rciardof4@over-blog.com,oqNKM1Re5,115444,6320,12196,3500,953,92476
546,Piotr,MacKibbon,pmackibbonf5@nytimes.com,ZFCN7fwJ,98336,4410,12629,3500,953,76844
547,Lorita,Falkous,lfalkousf6@slashdot.org,VpkUOO6geRYU,28010,1415,4202,1597,443,20355
548,Dulcia,Caneo,dcaneof7@dailymail.co.uk,6YC5mGuXn,88937,5803,10703,3500,953,67979
549,Ashia,Anslow,aanslowf8@pcworld.com,vKIlvPoySGC,257502,79478,33631,3500,953,139940
550,Elia,Cappleman,ecapplemanf9@cam.ac.uk,gczG1TaL0,171358,7851,17514,3500,953,141541
551,Deena,Rushworth,drushworthfa@timesonline.co.uk,lOtYCT,173041,8056,18002,3500,953,142531
552,Chan,Sumpton,csumptonfb@360.cn,KjkR1rPdR,208246,12337,28211,3500,953,163246
553,Rosabelle,Dominec,rdominecfc@skyrock.com,4NjTrKS,49686,2212,7453,2832,785,36404
554,Lurline,Stawell,lstawellfd@unc.edu,zBgSkVLnWK,180674,8984,20215,3500,953,147022
555,Shandee,Weinberg,sweinbergfe@amazon.de,HRospDm,48043,2061,7206,2738,759,35278
556,Pearce,Prier,pprierff@wsj.com,3cEjoczsyb,39017,1970,5853,2224,616,28354
557,Hewie,Nyland,hnylandfg@google.it,7y8RaYpthb,121165,6958,13683,3500,953,96071
558,Dominik,Haselgrove,dhaselgrovefh@cnbc.com,RtMFVrOgyik,33804,1707,5071,1927,534,24565
559,Karen,Nabbs,knabbsfi@ox.ac.uk,qk79WWL,155932,5975,13040,3500,953,132464
560,Blinny,Daens,bdaensfj@hp.com,rJcdBSDhbYF,146876,9827,20368,3500,953,112228
561,Hubey,Eastam,heastamfk@com.com,c9TvuPR,266125,80613,36477,3500,953,144583
562,Neall,Enston,nenstonfl@soup.io,gKjbYnecn,54681,2669,3680,3117,864,44351
563,Godwin,Hans,ghansfm@addtoany.com,1repyQwaGe,127751,7693,15395,3500,953,100210
564,Saxe,Lowes,slowesfn@narod.ru,fYTP6wdDfQ,58966,3061,4559,3361,932,47054
565,Roddy,Millin,rmillinfo@google.de,0nWEc8ZJSB,154404,5790,22325,3500,953,121837
566,Tedmund,Kochl,tkochlfp@deviantart.com,3edPGOU1wc,239903,77162,27823,3500,953,130465
567,Timothy,Tabary,ttabaryfq@ebay.co.uk,Wcv1XVy,217459,13457,30883,3500,953,168667
568,Margit,Emlin,memlinfr@cpanel.net,DkSDC7Ch2T,253452,78945,32295,3500,953,137760
569,Verla,Arnauduc,varnauducfs@bloglines.com,JIq9a9iMNMn,240003,77175,27856,3500,953,130519
570,Jacquelynn,Shakelade,jshakeladeft@nasa.gov,LPRe6KLy,211735,12761,29223,3500,953,165299
571,Electra,Fairholme,efairholmefu@biglobe.ne.jp,rVh328,183275,9300,20970,3500,953,148553
572,Augusto,Calender,acalenderfv@gov.uk,wcodQNUmlWbW,71293,4189,7086,3500,953,55566
573,Elli,Snook,esnookfw@netscape.com,UoKxOtS8N,124995,7386,14679,3500,953,98478
574,Shaughn,Megarry,smegarryfx@blinklist.com,KQlxA0Qs,187842,9856,22294,3500,953,151240
575,Tessy,Micallef,tmicalleffy@oracle.com,xURWDYYIdkWF,269031,80995,37436,3500,953,146147
576,Annissa,Jakoub,ajakoubfz@smugmug.com,dwGYBE,34352,1735,5153,1958,543,24964
577,Emelina,Montgomery,emontgomeryg0@illinois.edu,5aal8nXt,140512,9117,18713,3500,953,108229
578,Meagan,Robillard,mrobillardg1@china.com.cn,zSksDsauH,223665,75025,22465,3500,953,121722
579,Theodor,Evensden,tevensdeng2@nba.com,3NjF8xbW,209568,12497,28594,3500,953,164024
580,Cletus,Arnecke,carneckeg3@pen.io,Hz1NJQOqrq,292882,84134,45306,3500,953,158989
581,Rorie,Lemmer,rlemmerg4@usda.gov,W93keD,142985,9393,19356,3500,953,109783
582,Phillip,Matterface,pmatterfaceg5@istockphoto.com,OZFcOMgI,38772,1958,5816,2210,613,28176
583,Georgena,Felgat,gfelgatg6@shutterfly.com,CaFtUmCcyYd,295760,84513,46256,3500,953,160538
584,Aretha,Stelli,astellig7@t.co,5JQJnY9,70350,4102,6892,3500,953,54903
585,Pietra,Kennicott,pkennicottg8@narod.ru,8A5Q7YvZz2,76232,4641,8098,3500,953,59041
586,Kele,Buxcey,kbuxceyg9@shop-pro.jp,j5BL7Vv,136518,8672,17675,3500,953,105719
587,Bret,Kilborn,bkilbornga@facebook.com,JMnZY2,50971,2329,2920,2905,805,42011
588,Schuyler,Dutson,sdutsongb@xrea.com,3ciw8tZNPz,153749,5710,22155,3500,953,121432
589,Sophey,Kilmurry,skilmurrygc@webeden.co.uk,SYz6vYPoqYKk,104609,5110,9378,3500,953,85668
590,Jamison,Broader,jbroadergd@si.edu,XvGSheFzer,231781,76093,25143,3500,953,126092
591,Karlyn,Austick,kaustickge@wsj.com,Zy8pJzx,117968,6601,12852,3500,953,94062
592,Eliot,Pendreigh,ependreighgf@scientificamerican.com,SKdCHW1uDe,178534,8724,19595,3500,953,145763
593,Saree,Bickford,sbickfordgg@senate.gov,m2lZvv,56475,2833,4048,3219,892,45483
594,Dan,Loadsman,dloadsmangh@youku.com,eRbs2he,261642,80023,34997,3500,953,142169
595,Lemmie,Rowan,lrowangi@omniture.com,hT8769GqH,143320,9431,19443,3500,953,109994
596,Jamie,Reinard,jreinardgj@hugedomains.com,Fd353l,212463,12850,29434,3500,953,165727
597,Joshuah,Conyer,jconyergk@cafepress.com,Pfg0SpX,197302,11006,25037,3500,953,156806
598,Genna,Sains,gsainsgl@army.mil,D4fUeDz4l,33948,1714,5092,1935,536,24670
599,Dawna,Byne,dbynegm@delicious.com,spHHPQqfykME,206720,12151,27769,3500,953,162348
600,Lynda,Beaudry,lbeaudrygn@google.com.au,3Eba7goJIhA5,271574,81330,38275,3500,953,147517
601,Shelton,Birtonshaw,sbirtonshawgo@pcworld.com,nNhNhPmj,202390,11625,26513,3500,953,159800
602,Loise,Weerdenburg,lweerdenburggp@dell.com,y98zAlpO3B,48972,2146,7346,2791,774,35915
603,Walden,Daynter,wdayntergq@mail.ru,tIUIGV,148939,10058,20904,3500,953,113525
604,Melisse,Eggar,meggargr@biglobe.ne.jp,6wRRcxu5l,68305,3915,6473,3500,953,53464
605,Roanna,Mallindine,rmallindinegs@tinypic.com,9rHBEXa,161849,6695,14756,3500,953,135946
606,Liza,Brammall,lbrammallgt@ebay.com,TQFkRNaQob,247704,78189,30398,3500,953,134665
607,Rhodie,Cuseck,rcuseckgu@pen.io,EIAtlchLtZxw,119258,6745,13187,3500,953,94873
608,Mary,Faux,mfauxgv@upenn.edu,7O1XkNKhMtn,197153,10988,24994,3500,953,156719
609,Papageno,Gandy,pgandygw@addthis.com,HLRlCnAIZ,225910,75321,23206,3500,953,122931
610,Alvinia,Mooring,amooringgx@addtoany.com,H2Mf1Qb9kEB,86151,5548,10132,3500,953,66019
611,Marmaduke,McInerney,mmcinerneygy@behance.net,ZlR0DI9SI7d,180074,8911,20041,3500,953,146669
612,Rivi,Pennoni,rpennonigz@forbes.com,jPKvitYDR2z,294177,84305,45734,3500,953,159686
613,Kiley,Bahde,kbahdeh0@live.com,y9G41ua,263667,80290,35665,3500,953,143259
614,Chet,Biggerdike,cbiggerdikeh1@jimdo.com,6hXGOEpT8o,222087,74818,21944,3500,953,120873
615,Maryanna,Akister,makisterh2@fotki.com,czVYTZgZt,235874,76632,26494,3500,953,128296
616,Gabriela,MacGauhy,gmacgauhyh3@odnoklassniki.ru,z1LILB0fk,163373,6880,15198,3500,953,136842
617,Ev,Soro,esoroh4@xrea.com,HJwO4MPqgum,253138,78904,32191,3500,953,137591
618,Sigrid,McMaster,smcmasterh5@technorati.com,rRRWnzNyYsh,221862,74788,21870,3500,953,120752
619,Isaiah,Marien,imarienh6@delicious.com,tOwt6HWGhWTa,125786,7474,14884,3500,953,98975
620,Waly,Clougher,wclougherh7@bing.com,pmwE0hl4,48868,2137,7330,2785,772,35843
621,Sharon,Westmoreland,swestmorelandh8@vk.com,6Ptpio2Xu,110886,5811,11010,3500,953,89612
622,Griz,Haile,ghaileh9@wp.com,Ayvc8i6c3noO,45479,2297,6822,2592,719,33050
623,Brice,Bernardos,bbernardosha@msu.edu,GdlImKsbk,95842,4132,12118,3500,953,75139
624,Willow,Coatsworth,wcoatsworthhb@senate.gov,4LrerfwD,234218,76414,25947,3500,953,127404
625,Donelle,Isaacson,disaacsonhc@goo.ne.jp,nc7RW1q78t,246356,78011,29953,3500,953,133939
626,Donia,Harnell,dharnellhd@gmpg.org,Db9tFRQ,207674,12267,28045,3500,953,162909
627,Jayson,Domerq,jdomerqhe@opera.com,OJgBRV3RTwye,25432,1284,3815,1450,402,18481
628,Elfrida,Beet,ebeethf@toplist.cz,72irtrnpG,38123,1925,5718,2173,602,27704
629,Lorrie,Shrubb,lshrubbhg@weebly.com,qkAI8kUn,118194,6627,12911,3500,953,94204
630,Der,Dobbings,ddobbingshh@friendfeed.com,wp2vii,198368,11136,25346,3500,953,157433
631,Ariana,McGuirk,amcguirkhi@house.gov,AJdGk806j,57854,2959,4331,3298,914,46353
632,Magdaia,McShirie,mmcshiriehj@youtu.be,LhTCBb,76562,4671,8166,3500,953,59273
633,Delmore,Christofe,dchristofehk@nsw.gov.au,PMy2Q1g6,131452,8106,16358,3500,953,102536
634,Aveline,Kubin,akubinhl@nature.com,m8waEm9,220316,74585,31711,3500,953,109567
635,Alida,Scarbarrow,ascarbarrowhm@forbes.com,7eSurK19cCFJ,234865,76499,26161,3500,953,127752
636,Philly,Etuck,petuckhn@boston.com,MAFdhp,235018,76519,26211,3500,953,127835
637,Candra,Di Domenico,cdidomenicoho@chronoengine.com,WizMWJC3bszp,108499,5545,10390,3500,953,88112
638,Isabel,Mathewson,imathewsonhp@angelfire.com,StR4cGTB,154656,5820,22391,3500,953,121993
639,Hamel,Meadowcraft,hmeadowcrafthq@sourceforge.net,KuvehVl5,213939,13029,29862,3500,953,166595
640,Ardeen,Bolsteridge,abolsteridgehr@sun.com,qJcME3Ry,245454,77893,29655,3500,953,133454
641,Rogerio,Shaylor,rshaylorhs@hao123.com,3kbuU55,212111,12807,29332,3500,953,165520
642,Clara,MacKilroe,cmackilroeht@oaic.gov.au,GsVINKO,112679,6011,11477,3500,953,90739
643,Collie,Eisenberg,ceisenberghu@admin.ch,kuUivncqF,42247,2133,6337,2408,668,30701
644,Helsa,Spikings,hspikingshv@mac.com,FpPY8AoLj,233887,76371,25838,3500,953,127226
645,Dory,Fishbourn,dfishbournhw@ted.com,bYh9LYI,192234,10390,23568,3500,953,153824
646,Jeanie,Mitchelmore,jmitchelmorehx@list-manage.com,sEGR6Z2Fv,141602,9239,18997,3500,953,108914
647,Woodman,Ludlom,wludlomhy@addtoany.com,uCdd8bslpIo,252376,78804,31939,3500,953,137180
648,Friederike,Kither,fkitherhz@nature.com,9ZBXf5,246779,78067,30092,3500,953,134167
649,Dredi,Matskiv,dmatskivi0@google.it,oyctIN,107983,5487,10256,3500,953,87788
650,Drusi,Culligan,dculligani1@de.vu,aoiBl3a,88480,5761,10609,3500,953,67657
651,Syd,Orkney,sorkneyi2@yellowpages.com,OYFSOU,223870,75052,22532,3500,953,121833
652,Eal,Brothwell,ebrothwelli3@cdc.gov,7HK1zRKJa,291893,84004,44980,3500,953,158456
653,Leesa,Pinsent,lpinsenti4@imdb.com,pH55UUv3Wj,111649,5896,11209,3500,953,90091
654,Renee,Siddle,rsiddlei5@cnn.com,phD5iZ29,192204,10386,23559,3500,953,153807
655,Myrvyn,Shieldon,mshieldoni6@istockphoto.com,BoWyJMfpu,79306,4922,8728,3500,953,61203
656,Bertha,Lobe,blobei7@weather.com,liaPhgpWAv,143182,9415,19407,3500,953,109907
657,Yvette,Worsell,yworselli8@mayoclinic.com,qpLNyxA30YN,286677,83318,43259,3500,953,155648
658,Merissa,Willetts,mwillettsi9@imageshack.us,JTS1apeKfq,154994,5861,22479,3500,953,122202
659,Ekaterina,Vedyashkin,evedyashkinia@instagram.com,qWhkZWH,79875,4974,8845,3500,953,61604
660,Joe,Kipping,jkippingib@boston.com,g7438h3Ur2f1,215937,13272,30441,3500,953,167771
661,Felicity,Brankley,fbrankleyic@google.co.uk,j5aZCCad,60935,3241,4962,3473,953,48306
662,Reba,Karlolak,rkarlolakid@amazon.com,9zVG9L,215833,13259,30411,3500,953,167710
663,Shepard,Mapledoore,smapledooreie@ameblo.jp,YpNHMahAc,110748,5796,10975,3500,953,89525
664,Ignaz,Gribbin,igribbinif@washingtonpost.com,MQ88JYkiL,50851,2318,2895,2899,803,41936
665,Mord,Di Biagio,mdibiagioig@mtv.com,B5mD6ceRdRv,132896,8267,16733,3500,953,103443
666,Cosmo,Queenborough,cqueenboroughih@statcounter.com,YQMRpi,133418,8326,16869,3500,953,103771
667,Yovonnda,Kienlein,ykienleinii@kickstarter.com,FaWm6dQHAwpY,184216,9415,21242,3500,953,149106
668,Rhodie,Aymer,raymerij@epa.gov,HaU44t,47881,2046,7182,2729,757,35167
669,Audrie,Henworth,ahenworthik@icio.us,3fqkauJ4r,60291,3182,4830,3437,953,47890
670,Xena,Audritt,xaudrittil@uiuc.edu,QYes620sIKOs,242492,77503,28678,3500,953,131859
671,Kristo,Clayworth,kclayworthim@elpais.com,B4XG1985,122209,7075,13954,3500,953,96727
672,Mikol,Baxendale,mbaxendalein@chron.com,4wveoHiBP,48618,2114,7293,2771,768,35672
673,Shaylah,Bathow,sbathowio@unc.edu,yJsXaL,134897,8491,17253,3500,953,104701
674,Brett,Haycock,bhaycockip@friendfeed.com,7D1CjP14,90352,5933,10993,3500,953,68974
675,Israel,Pyford,ipyfordiq@miibeian.gov.cn,JdhFFFfR,250029,78495,31165,3500,953,135917
676,Ezri,Yurkevich,eyurkevichir@smh.com.au,2dwPQkpY34,40881,2064,6132,2330,646,29708
677,Nanny,Lelliott,nlelliottis@dmoz.org,0nLphD,34650,1750,5198,1975,547,25180
678,Maryl,Blaise,mblaiseit@chronoengine.com,xAdyMvB,196576,10918,24827,3500,953,156379
679,Alena,Jagiela,ajagielaiu@scientificamerican.com,eOoMtSWpEv,230734,75956,24798,3500,953,125528
680,Myranda,Thamelt,mthameltiv@prlog.org,U4CHPrc3ugTW,36056,1821,5408,2055,570,26202
681,Aveline,Slevin,asleviniw@instagram.com,EoyQMcOkMdz2,96900,4250,12335,3500,953,75862
682,Lancelot,Franz-Schoninger,lfranzschoningerix@intel.com,lCFP0fT,49914,2232,7487,2845,789,36561
683,Wolfie,Davidavidovics,wdavidavidovicsiy@dailymail.co.uk,PWDjF0vvi,275938,81904,39715,3500,953,149866
684,Bradney,Orans,boransiz@usa.gov,DL6lV1SYaSm4,146499,9785,20270,3500,953,111991
685,Odille,Tobin,otobinj0@hostgator.com,J4iGRY1dvc5U,216623,13355,30640,3500,953,168175
686,Balduin,Greiswood,bgreiswoodj1@cam.ac.uk,0Gacl2M,175367,8339,18676,3500,953,143900
687,Pippo,Lebbon,plebbonj2@bravesites.com,hT5ctRfgU,151169,5396,21484,3500,953,119836
688,Agnella,Kitching,akitchingj3@fotki.com,ORcFZu0,271864,81368,38370,3500,953,147673
689,Cristy,Tipple,ctipplej4@nifty.com,QLVEshVD,86395,5570,10182,3500,953,66190
690,Aindrea,Surgen,asurgenj5@tumblr.com,UXVWsFAm3,82248,5191,9331,3500,953,63273
691,Kacey,Scrange,kscrangej6@networksolutions.com,75GQVK0k,48796,2130,7319,2781,771,35794
692,Matias,Tottem,mtottemj7@barnesandnoble.com,vjdQdDD9bX,33925,1713,5089,1934,536,24653
693,Odey,Halewood,ohalewoodj8@elegantthemes.com,d2h8wr,181126,9039,20346,3500,953,147288
694,Hurley,Baccas,hbaccasj9@google.ca,jq1kprFY9,242458,77498,28667,3500,953,131840
695,Owen,Seywood,oseywoodja@privacy.gov.au,wJTNUeJ7,291678,83976,44909,3500,953,158341
696,Gannon,Kulas,gkulasjb@seesaa.net,AOodzM,245292,77871,29602,3500,953,133366
697,Geri,Renahan,grenahanjc@csmonitor.com,ssDauA0,169813,7663,17066,3500,953,140632
698,Ingeborg,Biesterfeld,ibiesterfeldjd@ftc.gov,AlKkFY7jf,48130,2069,7220,2743,760,35337
699,Thacher,Burdin,tburdinje@yandex.ru,Bw63qN,220117,74558,31654,3500,953,109452
700,Gwendolyn,Sheasby,gsheasbyjf@rediff.com,mvHe8dEL,299578,85015,47516,3500,953,162594
701,Phylis,Tesdale,ptesdalejg@domainmarket.com,ZkrkvN1Q,293449,84209,45494,3500,953,159294
702,Arluene,Hulkes,ahulkesjh@meetup.com,wwU1zQ4KLV,245398,77885,29637,3500,953,133423
703,Britte,Errol,berrolji@studiopress.com,UCnES7X,148954,10059,20908,3500,953,113534
704,Leandra,Yushkov,lyushkovjj@yelp.com,CrwJbvKXzpGO,293813,84257,45614,3500,953,159490
705,Karina,McCritchie,kmccritchiejk@rambler.ru,3YPKYXLv1XX,53028,2517,3341,3023,838,43309
706,Igor,Beausang,ibeausangjl@t.co,PwWqgM5b6,113195,6069,11611,3500,953,91063
707,Flora,Leebeter,fleebeterjm@aol.com,ou9D0CKTy,175096,8306,18598,3500,953,143740
708,Kiley,Gladyer,kgladyerjn@ucoz.ru,1uMlcTR3Vw8,28117,1420,4218,1603,444,20433
709,Brittaney,Spurge,bspurgejo@phpbb.com,0XyEFIqI9d,181817,9123,20547,3500,953,147695
710,Elisabeth,Ricardet,ericardetjp@baidu.com,pu33VYX,100007,4597,12972,3500,953,77985
711,Heriberto,Jackling,hjacklingjq@forbes.com,NPP0cKlC,118555,6667,13004,3500,953,94431
712,Nert,Romei,nromeijr@thetimes.co.uk,F0UtGY,25632,1294,3845,1461,405,18627
713,Lucienne,Yellowlees,lyellowleesjs@tumblr.com,mQjhMDbo9xBL,209552,12496,28590,3500,953,164014
714,Orelie,Saunderson,osaundersonjt@blog.com,xPvJnXVick,86062,5540,10113,3500,953,65956
715,Francisca,Repp,freppju@prweb.com,uMRP0y1PE4,156988,6104,13346,3500,953,133085
716,Josephine,Mardell,jmardelljv@auda.org.au,IK72Y3D,91148,6005,11156,3500,953,69534
717,Adara,Cutill,acutilljw@illinois.edu,52XELC,227206,75491,23633,3500,953,123629
718,Ganny,Panchen,gpanchenjx@webmd.com,3ZxBXC,290257,83789,44440,3500,953,157575
719,Sigismund,Probert,sprobertjy@hibu.com,B0AAlqB06aO,233520,76322,25717,3500,953,127028
720,Dane,Berrycloth,dberryclothjz@chron.com,QNsRfA,150095,5266,21205,3500,953,119172
721,Fayina,Brady,fbradyk0@cmu.edu,6XrDo91dn,122363,7092,13994,3500,953,96824
722,Larina,Costy,lcostyk1@fc2.com,q3bEROKZ7,251409,78676,31620,3500,953,136660
723,Westbrook,Kindall,wkindallk2@multiply.com,bm1G0NGbQksZ,247727,78192,30405,3500,953,134677
724,Kalindi,Verna,kvernak3@salon.com,wikulu5vi,133567,8342,16908,3500,953,103865
725,Ilsa,Levins,ilevinsk4@discovery.com,xakDyM,263411,80256,35581,3500,953,143122
726,Carmon,Grosvener,cgrosvenerk5@loc.gov,ji1sJ8wW16X5,36781,1857,5517,2097,581,26729
727,Ellsworth,Pheasant,epheasantk6@phoca.cz,M644L5TGGE,128949,7827,15707,3500,953,100963
728,Alberik,Sigward,asigwardk7@wufoo.com,MNq5Vo6o2,82579,5221,9399,3500,953,63506
729,Irving,Foy,ifoyk8@hibu.com,QwO77G5SFAbO,128943,7826,15705,3500,953,100959
730,Neel,Weagener,nweagenerk9@shutterfly.com,69obUN,166934,7313,16231,3500,953,138938
731,Georgia,Glassman,gglassmanka@webs.com,hAEg1t,170598,7759,17293,3500,953,141094
732,Gracie,Hambribe,ghambribekb@usgs.gov,eljPDRC8qe6J,198779,11186,25466,3500,953,157675
733,Morris,Askey,maskeykc@webeden.co.uk,ksiEJRk1wKi,142369,9325,19196,3500,953,109396
734,Tania,Zimmerman,tzimmermankd@networksolutions.com,YesrSxn0Yb,34445,1739,5167,1963,544,25031
735,Patty,Grigoliis,pgrigoliiske@hugedomains.com,widyQ4VAc8L,44604,2253,6691,2542,705,32414
736,Darsie,Thrussell,dthrussellkf@businessinsider.com,dkPSFAPNY,158265,6259,13717,3500,953,133837
737,Artie,Abbotts,aabbottskg@soup.io,p5qFsTFQDP,156414,6034,13180,3500,953,132748
738,Myrta,Trask,mtraskkh@about.me,Rhi8coh93,175170,8315,18619,3500,953,143784
739,Janos,Troop,jtroopki@typepad.com,R5K5sIUBRFU,213182,12937,29643,3500,953,166150
740,Sheelah,Durrant,sdurrantkj@businessinsider.com,TMDPAdFz,39605,2000,5941,2257,626,28781
741,Moll,Stenhouse,mstenhousekk@craigslist.org,pdP7nn,273272,81554,38835,3500,953,148431
742,Lianna,McCutcheon,lmccutcheonkl@360.cn,8AVvNcVHs9p,239727,77139,27765,3500,953,130370
743,Emlynn,Fogt,efogtkm@gnu.org,NeRK9s,267923,80850,37070,3500,953,145551
744,Felicia,Firmage,ffirmagekn@japanpost.jp,lFcVNXqxlVZ,27718,1400,4158,1580,438,20143
745,Clementia,Cassey,ccasseyko@so-net.ne.jp,Wu3xEvuZH,233093,76266,25576,3500,953,126798
746,Tremain,McBrier,tmcbrierkp@simplemachines.org,UJIuiet,197970,11087,25231,3500,953,157199
747,Austine,Blackhurst,ablackhurstkq@google.de,GOtbfdmkN2su,299743,85037,47571,3500,953,162683
748,Ronny,McCurry,rmccurrykr@statcounter.com,4PpLL5k3FJ79,166955,7316,16237,3500,953,138950
749,Emili,Mottinelli,emottinelliks@networkadvertising.org,o0pueM,175543,8360,18727,3500,953,144003
750,Alvina,Schettini,aschettinikt@technorati.com,Bq97zV,182012,9147,20603,3500,953,147810
751,Zoe,Derkes,zderkesku@nature.com,kVwupf,151999,5497,21700,3500,953,120350
752,Normand,Rankling,nranklingkv@51.la,eoyUUQmi,242456,77498,28666,3500,953,131839
753,Urban,Kondratyuk,ukondratyukkw@hp.com,2jKDY12Ow4Z,169871,7670,17082,3500,953,140666
754,Olly,Monk,omonkkx@loc.gov,kTzRHM2Zy,172918,8041,17966,3500,953,142459
755,Austin,Geratasch,agerataschky@photobucket.com,KehlGfRBnJT,64581,3574,5710,3500,953,50844
756,Danny,Bern,dbernkz@behance.net,aEcmW20iHzM7,198087,11101,25265,3500,953,157268
757,Julio,Trump,jtrumpl0@altervista.org,l33FleQ1Hyjz,85736,5510,10046,3500,953,65727
758,Sampson,Maharg,smahargl1@github.com,D2hH7326eD,176974,8534,19142,3500,953,144845
759,Mitzi,Goforth,mgoforthl2@devhub.com,ZYny6K,77635,4769,8386,3500,953,60028
760,Sascha,Vasyatkin,svasyatkinl3@icq.com,K1pmTxJpBC,167895,7430,16509,3500,953,139503
761,Devland,Oxenbury,doxenburyl4@craigslist.org,8079Rnmy9K,47653,2026,7148,2716,753,35010
762,Matty,Brumble,mbrumblel5@netlog.com,IMNkwdqrvp,172321,7968,17793,3500,953,142107
763,Emmy,Dumelow,edumelowl6@msu.edu,ZcIPfeTCN,64288,3548,5650,3500,953,50638
764,Bancroft,Feak,bfeakl7@slideshare.net,JApGgx6Q9hc,227066,75473,23587,3500,953,123553
765,Oates,McKeever,omckeeverl8@baidu.com,3jJzRn,67521,3843,6312,3500,953,52913
766,Valentina,Blenkiron,vblenkironl9@skype.com,bokr28wEYyw,124979,7384,14675,3500,953,98468
767,Hansiain,Clunie,hcluniela@exblog.jp,dOvTZ0yfCQw,157628,6182,13532,3500,953,133462
768,Mayne,Pester,mpesterlb@tuttocitta.it,DNYLSaKkd,246579,78041,30026,3500,953,134059
769,Eda,Edgell,eedgelllc@linkedin.com,kzYoutfxX,89687,5872,10856,3500,953,68506
770,Lawry,Alessandretti,lalessandrettild@sohu.com,KUTmokCjTWy,239617,77125,27729,3500,953,130311
771,Nikita,Pampling,npamplingle@census.gov,MSMPFJOCrx5X,26631,1345,3995,1518,421,19353
772,Findley,Melia,fmelialf@sourceforge.net,wN7OGC8m6L,91107,6002,11148,3500,953,69505
773,Reinwald,Becerro,rbecerrolg@smh.com.au,zePMoQRfqP6E,286783,83332,43294,3500,953,155705
774,Adriano,Birks,abirkslh@mlb.com,nImAyFX,144619,9576,19781,3500,953,110810
775,Ailsun,Breinl,abreinlli@google.de,arndPAN,121479,6993,13765,3500,953,96269
776,Katerine,Fillary,kfillarylj@ucsd.edu,2ZYclCCpTKR,47425,2005,7114,2703,749,34854
777,Bryana,Schwier,bschwierlk@freewebs.com,TykV9ogHN,241372,77356,28308,3500,953,131256
778,Ulick,Hanley,uhanleyll@simplemachines.org,6uShSTtv6yDF,262316,80112,35220,3500,953,142532
779,Coreen,Arens,carenslm@businessinsider.com,Opy7PwzMT,292372,84067,45138,3500,953,158714
780,Morley,Haveline,mhavelineln@ocn.ne.jp,fGyj5wEvPu46,29751,1502,4463,1696,470,21620
781,Binny,Sabatini,bsabatinilo@canalblog.com,T9A88Jojkpp6,70220,4090,6866,3500,953,54811
782,Dona,Ecclestone,decclestonelp@behance.net,1FpZqe,80211,5005,8914,3500,953,61840
783,Barbee,Petschelt,bpetscheltlq@devhub.com,coU9AdRs,98473,4426,12658,3500,953,76937
784,Vyky,Chawner,vchawnerlr@xrea.com,Prxdo2I,260980,79936,34779,3500,953,141813
785,Nathalie,Simenon,nsimenonls@yale.edu,gDHsQo,222994,74937,22243,3500,953,121361
786,Joane,Greetham,jgreethamlt@upenn.edu,zf51e8OR61,25446,1285,3817,1450,402,18492
787,Zolly,Ollis,zollislu@163.com,LPhXmj,256941,79404,33446,3500,953,139638
788,Tadeas,Chace,tchacelv@eepurl.com,k8njYBuwLvtg,50105,2250,7516,2856,792,36692
789,Marie-jeanne,Lawdham,mlawdhamlw@rambler.ru,Bkcb5z,193024,10486,23797,3500,953,154289
790,Edik,Buckbee,ebuckbeelx@parallels.com,OtQdxD,233294,76292,25642,3500,953,126907
791,Philippine,Daveley,pdaveleyly@cbslocal.com,K9Eir4cGdDw,179378,8826,19839,3500,953,146260
792,Jemmie,Gwilym,jgwilymlz@example.com,OZjfqx5WIrQs,55929,2783,3936,3188,884,45138
793,Berk,Biggs,bbiggsm0@discovery.com,h2ENlbcD,54137,2619,3569,3086,855,44008
794,Linnie,Digweed,ldigweedm1@google.ru,b7LrWi2,115409,6316,12186,3500,953,92454
795,Harlen,Firman,hfirmanm2@wunderground.com,pbbtfbSgxV,92663,3777,11467,3500,953,72967
796,Ferrell,Rowaszkiewicz,frowaszkiewiczm3@myspace.com,xxHdVhEK,124873,7372,14647,3500,953,98401
797,Kristoffer,Mager,kmagerm4@si.edu,rOQIBT8tCj,96729,4231,12300,3500,953,75745
798,Margot,Fish,mfishm5@ftc.gov,NNQEslciBFC,217604,13475,30925,3500,953,168752
799,Noelyn,Fowell,nfowellm6@drupal.org,wmmAawspFql,64760,3591,5746,3500,953,50970
800,Karlee,Jeens,kjeensm7@i2i.jp,WZTI0DHj,120797,6917,13587,3500,953,95840
801,Karla,Dominka,kdominkam8@scientificamerican.com,U4ZIH0Az1M,97238,4288,12404,3500,953,76093
802,Butch,Karpman,bkarpmanm9@sphinn.com,TlrVMKjyxoFi,225884,75317,23197,3500,953,122917
803,Sutherlan,Writer,swriterma@csmonitor.com,mzdAQGzWjN,174220,8199,18344,3500,953,143225
804,Leoline,Ride,lridemb@yahoo.co.jp,OYVykvEM,243027,77573,28854,3500,953,132147
805,Debera,Toby,dtobymc@bandcamp.com,PWUU6ijHsO,234113,76400,25913,3500,953,127348
806,Ricard,Girardy,rgirardymd@arstechnica.com,KHUwGFLBJx,71507,4208,7130,3500,953,55717
807,Prentiss,Deighton,pdeightonme@ycombinator.com,H0IXZPQRyMBi,154062,5748,22236,3500,953,121625
808,Freddie,Wroe,fwroemf@wp.com,ztun8Q5eqd,288653,83578,43911,3500,953,156712
809,Ludwig,Monaghan,lmonaghanmg@tripadvisor.com,SCmjSXJ,146701,9808,20322,3500,953,112118
810,Sander,Murden,smurdenmh@discovery.com,cMnD4qSRoWd,102641,4891,8867,3500,953,84431
811,Ashely,Heading,aheadingmi@sina.com.cn,vSP1kDVNZZFx,27660,1397,4149,1577,437,20101
812,Celie,Veal,cvealmj@artisteer.com,qkprNmg5y2,219402,13693,31446,3500,953,169810
813,Jillane,Glowinski,jglowinskimk@senate.gov,M6rOniyNz3Mw,210305,12587,28808,3500,953,164457
814,Iggy,Croxley,icroxleyml@comsenz.com,G4Z079uKG4C,194569,10674,24245,3500,953,155198
815,Jillana,Ciciari,jciciarimm@devhub.com,hDKP0MP,42894,2166,6434,2445,678,31171
816,Isidoro,Hardaker,ihardakermn@miitbeian.gov.cn,y84nJxrQhLJ,264807,80440,36042,3500,953,143873
817,Isac,Riach,iriachmo@elpais.com,PAhI55Qe9xIJ,286637,83312,43246,3500,953,155626
818,Douglass,Kobisch,dkobischmp@paginegialle.it,VG3OfVX,154290,5776,22295,3500,953,121766
819,Bili,Littrell,blittrellmq@constantcontact.com,kGPqErTzebjw,251312,78664,31588,3500,953,136607
820,Lani,Siddell,lsiddellmr@is.gd,iD3631,71922,4246,7215,3500,953,56009
821,Riccardo,Abley,rableyms@illinois.edu,3gTTCP,190989,10238,23207,3500,953,153092
822,Dukie,Rowlings,drowlingsmt@delicious.com,LIvHaVwuc,231652,76076,25101,3500,953,126023
823,Dulsea,Cutbush,dcutbushmu@huffingtonpost.com,v82lLJG0vRL,102046,4824,8712,3500,953,84057
824,Dorella,Busst,dbusstmv@t-online.de,kw6vbsdKx4Kd,115013,6272,12083,3500,953,92205
825,Lawrence,Goulborn,lgoulbornmw@netscape.com,Ee8rqnZlvx,150874,5360,21407,3500,953,119654
826,Haven,Flower,hflowermx@t-online.de,yB42fV,213724,13003,29800,3500,953,166469
827,Lavinia,Brockest,lbrockestmy@wiley.com,qF3DkN4wMBaC,29087,1469,4363,1658,460,21138
828,Elihu,Gilberthorpe,egilberthorpemz@theatlantic.com,AvQTIw,171897,7917,17670,3500,953,141858
829,Patrice,Dressel,pdresseln0@ebay.com,1VBZp0,29048,1467,4357,1656,459,21109
830,Shanie,McHan,smchann1@slashdot.org,EUc6Y8foax4,49187,2166,7378,2804,777,36062
831,Olvan,Lowater,olowatern2@salon.com,wU7DTGQ5oZ,282861,82816,41999,3500,953,153593
832,Beatrix,Musterd,bmusterdn3@wikia.com,VRv51V28,69166,3994,6650,3500,953,54070
833,Gunter,Darlow,gdarlown4@springer.com,OI3iF3,287002,83360,43366,3500,953,155823
834,Karlan,Charke,kcharken5@google.it,4UlgWxlfd,171911,7918,17674,3500,953,141866
835,Nerte,Merrington,nmerringtonn6@microsoft.com,xKUgQw,266903,80715,36733,3500,953,145002
836,Evita,Shasnan,eshasnann7@msu.edu,OhV8xGi,275638,81865,39616,3500,953,149705
837,Zena,Sturte,zsturten8@constantcontact.com,6BnSMn7zd3Q,188470,9932,22476,3500,953,151609
838,Grier,Adamowicz,gadamowiczn9@cloudflare.com,O19vHMV,174584,8243,18449,3500,953,143439
839,Chad,Dani,cdanina@blogspot.com,HFBglmp,51246,2354,2976,2921,810,42185
840,Salvidor,Blanc,sblancnb@devhub.com,BcEz917rbF,122857,7147,14123,3500,953,97135
841,Max,Jeffress,mjeffressnc@state.gov,1PSkxdaqrC,271924,81376,38390,3500,953,147705
842,Winni,Goacher,wgoachernd@ftc.gov,kGrEwg2nlt,42671,2155,6401,2432,674,31009
843,Heida,Vivian,hvivianne@yandex.ru,lBGjX1L,268594,80938,37291,3500,953,145912
844,Yul,Easton,yeastonnf@arstechnica.com,6P9hUDJL1,275069,81790,39428,3500,953,149398
845,Leeanne,Vispo,lvispong@amazon.com,1YRpd3IArP,75639,4586,7977,3500,953,58624
846,Georgeanne,Fredy,gfredynh@google.pl,NfpyRU,87137,5638,10334,3500,953,66712
847,Sianna,Chessun,schessunni@liveinternet.ru,FzljGWG5,67869,3875,6384,3500,953,53157
848,Catlin,Kealy,ckealynj@chronoengine.com,0WB96EzQa,105814,5245,9692,3500,953,86425
849,Brian,Closs,bclossnk@cafepress.com,aTIwjYxLvKM,287430,83417,43507,3500,953,156053
850,Francesca,Bradnocke,fbradnockenl@hubpages.com,hkGWKPZN7xH,211302,12708,29097,3500,953,165044
851,Melamie,Marston,mmarstonnm@1688.com,RvwOhZp8,251074,78632,31510,3500,953,136479
852,Hernando,Gaudin,hgaudinnn@taobao.com,gfRnQh,106464,5318,9861,3500,953,86833
853,Joel,Worswick,jworswickno@webmd.com,0cqBBBoekxWP,103729,5012,9150,3500,953,85115
854,Rozelle,Korneichik,rkorneichiknp@nytimes.com,tgThxh,206823,12164,27798,3500,953,162408
855,Cori,Davoren,cdavorennq@scribd.com,MAmXGHSQy,32020,1617,4803,1825,506,23269
856,Ferdy,Jillitt,fjillittnr@pen.io,XLi5Wg,85402,5480,9978,3500,953,65492
857,Lona,Woodruffe,lwoodruffens@jimdo.com,NjCv6lQFijU,49650,2208,7448,2830,784,36380
858,Kathye,Scarisbrick,kscarisbricknt@reference.com,hR2gaE,53901,2597,3520,3072,852,43859
859,Kristo,Elward,kelwardnu@edublogs.org,Dw3Gx1QgI,254582,79094,32667,3500,953,138368
860,Liliane,Giacobbo,lgiacobbonv@issuu.com,Jygomty,193884,10590,24046,3500,953,154795
861,Rolf,Canti,rcantinw@moonfruit.com,mEtTsR,117560,6556,12746,3500,953,93806
862,Alyson,Blaase,ablaasenx@histats.com,xYmGSQ,30540,1542,4581,1741,483,22193
863,Bibby,Hunt,bhuntny@google.com.hk,wChELcQUbV,180420,8953,20142,3500,953,146873
864,Raychel,Waberer,rwaberernz@hostgator.com,B5ixPK,93911,3917,11722,3500,953,73819
865,Shurlocke,Drynan,sdrynano0@ustream.tv,hel3CNCh0H,105160,5172,9522,3500,953,86014
866,Ripley,Bolstridge,rbolstridgeo1@vistaprint.com,wPTVOqOj5X,122541,7112,14041,3500,953,96936
867,Lutero,Yuranovev,lyuranovevo2@mashable.com,A6ucV2,201246,11486,26181,3500,953,159127
868,Nancee,Serjent,nserjento3@google.co.uk,xj9Udt6Ti,51076,2339,2941,2911,807,42078
869,Alva,Betjeman,abetjemano4@hexun.com,hNOjetm8YHPt,278834,82286,40671,3500,953,151425
870,Arabela,Maynard,amaynardo5@hexun.com,JarDJT1oJG7,110686,5789,10958,3500,953,89486
871,Margaret,Greensides,mgreensideso6@engadget.com,knwhmKYVbN,237350,76826,26981,3500,953,129090
872,Minnaminnie,Petruszka,mpetruszkao7@nbcnews.com,D3r02CzB,60012,3156,4773,3421,948,47714
873,Lianna,Baelde,lbaeldeo8@ihg.com,lqmtTi,213622,12990,29770,3500,953,166409
874,Vidovic,Rosenau,vrosenauo9@nyu.edu,1Z0t7M6jX,265531,80535,36281,3500,953,144263
875,Greg,Leggitt,gleggittoa@yellowpages.com,ByctkLuu,64818,3596,5758,3500,953,51011
876,Hilly,Brierly,hbrierlyob@skype.com,L70otG7PMY,79826,4969,8835,3500,953,61569
877,Homerus,Abrahamsen,habrahamsenoc@elpais.com,YKKPHiVwFm,153322,5658,22044,3500,953,121168
878,Alie,Crump,acrumpod@adobe.com,xJOmQh,209058,12435,28447,3500,953,163723
879,Cleopatra,Chettle,cchettleoe@statcounter.com,j4dwIhQ2P,78323,4832,8527,3500,953,60512
880,Tabor,Betjeman,tbetjemanof@oracle.com,bAecS6uL,30836,1557,4625,1758,487,22409
881,Linc,Goldingay,lgoldingayog@google.nl,BLMRtfBRo,209613,12503,28608,3500,953,164050
882,Joice,Bilyard,jbilyardoh@slate.com,t1NPV2UyDCLO,288118,83507,43734,3500,953,156424
883,Pippy,Mannix,pmannixoi@nyu.edu,Ng92M839,271641,81339,38297,3500,953,147553
884,Althea,Shrive,ashriveoj@ucsd.edu,7VlJx57A,160778,6565,14445,3500,953,135315
885,Obadiah,Lodwick,olodwickok@cornell.edu,TF50pyo4pkh,159831,6449,14171,3500,953,134758
886,Netta,Cumberbatch,ncumberbatchol@cisco.com,YnIKWThoN,39760,2008,5964,2266,628,28894
887,Dalila,Biesty,dbiestyom@aol.com,0CBD26DqNbyw,262686,80160,35342,3500,953,142731
888,Link,Mason,lmasonon@comsenz.com,cd5s3hN6B7O,293109,84164,45381,3500,953,159111
889,Missie,Code,mcodeoo@webnode.com,HDRNCXehg3,149865,10161,21145,3500,953,114106
890,Sean,Tummons,stummonsop@mlb.com,raeCSk9q,239926,77165,27831,3500,953,130477
891,Rad,Mulrenan,rmulrenanoq@artisteer.com,W8ReMxciIo5,46467,1917,6970,2649,734,34197
892,Kerry,Schwieso,kschwiesoor@altervista.org,P0G9xvi0dO0,25921,1309,3888,1477,410,18837
893,Josephine,Balogun,jbalogunos@marketwatch.com,GE8Y0FRLN3,76610,4675,8176,3500,953,59307
894,Madonna,Banton,mbantonot@quantcast.com,5v2p4VPm6X7,262179,80094,35174,3500,953,142458
895,Phaedra,Kenningham,pkenninghamou@soup.io,D2p2G6bjdf,26756,1351,4013,1525,423,19444
896,Arlyne,Sackur,asackurov@unc.edu,vzhUqd53Sid,193959,10599,24068,3500,953,154839
897,Letitia,Jerome,ljeromeow@microsoft.com,EtRHuVkvJ,251058,78630,31505,3500,953,136471
898,Nicky,Cullagh,ncullaghox@eepurl.com,yZh2OzvgU10,114940,6263,12064,3500,953,92160
899,Emlen,Savill,esavilloy@google.ca,P6Gd0KFf,288356,83539,43813,3500,953,156552
900,Renault,Guilayn,rguilaynoz@arstechnica.com,aneTum5EZ,35593,1797,5339,2029,562,25865
901,Lebbie,Slocombe,lslocombep0@lycos.com,PUz6mkzLuE,244899,77820,29472,3500,953,133155
902,Cindelyn,Jepson,cjepsonp1@examiner.com,v1nD4ElQTZ,56995,2880,4155,3249,901,45811
903,Kylynn,Casiero,kcasierop2@zdnet.com,o7JIQ1tPb7Xc,133770,8365,16960,3500,953,103992
904,Bria,Bowbrick,bbowbrickp3@bluehost.com,lXYNF3,47180,1982,7077,2689,745,34686
905,Dex,Guiett,dguiettp4@guardian.co.uk,MM2UEfTXYXA,185211,9536,21531,3500,953,149692
906,Pippo,Arminger,parmingerp5@ow.ly,wArlkdd,222726,74902,22155,3500,953,121217
907,Leann,Targetter,ltargetterp6@webs.com,x43f5Qa1pYo,110537,5772,10920,3500,953,89393
908,Alaster,Beecroft,abeecroftp7@pbs.org,RPZntg,70574,4123,6938,3500,953,55060
909,Caressa,Vogeller,cvogellerp8@alexa.com,WPtXxbnDJ4,218259,13554,31115,3500,953,169137
910,Dacey,Nunns,dnunnsp9@narod.ru,OPpQjo,126927,7601,15181,3500,953,99692
911,Cecily,Jorissen,cjorissenpa@fc2.com,gAgYc9,100654,4669,8350,3500,953,83182
912,Haven,Lowey,hloweypb@state.tx.us,Wqk6qHR,33483,1691,5022,1909,529,24332
913,Keelby,Fiddyment,kfiddymentpc@delicious.com,zKVrdg12,85020,5445,9900,3500,953,65223
914,Nels,Cuffe,ncuffepd@instagram.com,W3ffzbvka,120331,6865,13466,3500,953,95547
915,Bernadette,Kneafsey,bkneafseype@bravesites.com,NXFCymw1Jd,140780,9147,18783,3500,953,108397
916,Julianne,Bazley,jbazleypf@springer.com,ZGFS9cOU,102952,4926,8948,3500,953,84626
917,Cosette,Saker,csakerpg@ebay.com,2ISTEsRmHQ,167876,7428,16504,3500,953,139492
918,Isahella,Broady,ibroadyph@mlb.com,iNlKL6OYTbF,30726,1552,4609,1751,485,22329
919,Duncan,Leatt,dleattpi@yellowbook.com,ZMxuQewaH,195234,10754,24438,3500,953,155589
920,Di,Morley,dmorleypj@cdbaby.com,iXzEucx0,125599,7453,14836,3500,953,98858
921,Reginauld,Dunkersley,rdunkersleypk@army.mil,04PVdLP7K,185066,9518,21489,3500,953,149607
922,Kellina,D'eath,kdeathpl@ifeng.com,2Pdf2GdTBR1,101067,4715,8458,3500,953,83442
923,Lucais,Brim,lbrimpm@businessweek.com,3Tvd8m3Ddyxl,134339,8428,17108,3500,953,104350
924,Penny,Vaudre,pvaudrepn@quantcast.com,GItK1J9,108088,5499,10283,3500,953,87854
925,Alix,Galia,agaliapo@opensource.org,Dpzjo7dn8J,168985,7563,16825,3500,953,140144
926,Darnall,Johnston,djohnstonpp@ted.com,GPJrn0BsZz,299260,84974,47411,3500,953,162423
927,Margette,Karoly,mkarolypq@utexas.edu,xr7B8LnXf,182246,9175,20671,3500,953,147947
928,Itch,Speares,ispearespr@va.gov,uw1FXy,127790,7697,15405,3500,953,100234
929,Amory,Bernardelli,abernardellips@naver.com,qWrCgTE,143951,9501,19607,3500,953,110390
930,Gabbie,Quirk,gquirkpt@cisco.com,95cjQPd,61928,3332,5166,3500,953,48978
931,Jone,Keenlayside,jkeenlaysidepu@paginegialle.it,sIl391,256535,79351,33312,3500,953,139420
932,Hershel,Handlin,hhandlinpv@deviantart.com,nj7QB1iYm,43405,2192,6511,2474,686,31542
933,Tildi,Witton,twittonpw@cocolog-nifty.com,EqNGvT,271201,81281,38152,3500,953,147316
934,Emmi,Cambling,ecamblingpx@reverbnation.com,xtbqrrOE3c,207559,12253,28012,3500,953,162841
935,Greta,Andreasson,gandreassonpy@typepad.com,cM7a7LLubVie,60034,3158,4778,3422,949,47728
936,Rossy,Furtado,rfurtadopz@cbslocal.com,aGd952t,118364,6646,12955,3500,953,94311
937,Jocko,Reinger,jreingerq0@dailymail.co.uk,A8AaNqrI5Y,28832,1456,4325,1643,456,20952
938,Spence,Vinnick,svinnickq1@aol.com,tYFivay,192711,10448,23706,3500,953,154105
939,Consuelo,Rendle,crendleq2@patch.com,yOc6YDm,77042,4715,8264,3500,953,59611
940,Claude,Kilner,ckilnerq3@nps.gov,fUN6Ns9q2Qd,126844,7592,15160,3500,953,99640
941,Zilvia,Boots,zbootsq4@stumbleupon.com,TSQH1daCzI6,109896,5701,10753,3500,953,88990
942,Evelyn,Yeoman,eyeomanq5@google.co.jp,Zs3XVVnTs,76819,4694,8219,3500,953,59454
943,Elena,Fulop,efulopq6@usda.gov,A8vRlsZ,143150,9412,19399,3500,953,109887
944,Ailsun,Dedham,adedhamq7@linkedin.com,EVkTG3NfV7O,110761,5797,10978,3500,953,89533
945,Sidonia,Tschierasche,stschierascheq8@forbes.com,ORnTIFmxyKa8,198489,11150,25382,3500,953,157505
946,Kirk,Arblaster,karblasterq9@google.it,t9o4yAb,162958,6830,15078,3500,953,136598
947,Putnem,Paton,ppatonqa@time.com,JbaTH3jhheG,103712,5010,9145,3500,953,85104
948,Roxana,Witherop,rwitheropqb@360.cn,tk9pqazqWp,144994,9617,19879,3500,953,111045
949,Alyss,Colrein,acolreinqc@businessinsider.com,s2UJvsB4Fe,40367,2039,6055,2301,638,29335
950,Linzy,Pandie,lpandieqd@oaic.gov.au,TEu1mD,37308,1884,5596,2127,589,27112
951,Padraig,Dinzey,pdinzeyqe@tmall.com,OFi08H6x0NJU,163204,6860,15149,3500,953,136743
952,Myron,Teodoro,mteodoroqf@linkedin.com,bKmQbu,64397,3558,5672,3500,953,50715
953,Linette,Bosence,lbosenceqg@bbc.co.uk,0VmYwfAEbY1V,100970,4704,8432,3500,953,83381
954,Rog,Gretton,rgrettonqh@dagondesign.com,c0jkDG,25964,1311,3895,1480,410,18868
955,Lianna,Crack,lcrackqi@stanford.edu,QO1DRXI,232685,76212,25441,3500,953,126579
956,Rosana,Dabernott,rdabernottqj@ted.com,ENVdskMYONGG,131838,8149,16458,3500,953,102778
957,Lezley,Butten,lbuttenqk@ifeng.com,sGIkxlc,218085,13533,31064,3500,953,169035
958,Ephrem,Flawn,eflawnql@examiner.com,3XtEhw,218003,13523,31041,3500,953,168987
959,Arlee,Barniss,abarnissqm@ovh.net,1LIMPL6anNd,197725,11057,25160,3500,953,157055
960,Ede,Copello,ecopelloqn@blogspot.com,e3e2TU,217581,13472,30918,3500,953,168738
961,Tanny,Klimentyev,tklimentyevqo@noaa.gov,6m6bGl87LgW,275599,81860,39603,3500,953,149684
962,Myrlene,Chaffin,mchaffinqp@chronoengine.com,CpIshrPKAp,50255,2264,2773,2865,794,41560
963,Antonie,Procter,aprocterqq@yolasite.com,mFeYNvAGvA,45889,2317,6883,2616,725,33348
964,Armando,Lattie,alattieqr@prweb.com,RLzoihW,166775,7294,16185,3500,953,138844
965,Madel,Bass,mbassqs@wsj.com,swmFlFbdZiZ,248863,78341,30780,3500,953,135289
966,Ted,Boullen,tboullenqt@gmpg.org,25UQZCdXbM9,252916,78875,32118,3500,953,137471
967,Matthus,Ryal,mryalqu@bluehost.com,E5XooJaUt,66362,3737,6075,3500,953,52097
968,Julia,Loveitt,jloveittqv@exblog.jp,erer6DTA,60830,3231,4941,3467,953,48238
969,Binny,Titchener,btitchenerqw@java.com,OnAsGb3KZJmH,233602,76333,25744,3500,953,127072
970,Kimberlee,Kermannes,kkermannesqx@geocities.com,8STlqRO,153414,5669,22068,3500,953,121225
971,Marisa,Marzella,mmarzellaqy@simplemachines.org,mBRT0cQ4,227674,75553,23788,3500,953,123881
972,Bernadina,Pugsley,bpugsleyqz@ycombinator.com,CKaMtfToJUq,67220,3816,6251,3500,953,52701
973,Donica,Teare,dtearer0@tuttocitta.it,vdELnTVIH,251024,78626,31493,3500,953,136452
974,Letti,Scroggie,lscroggier1@constantcontact.com,QyL35JBEKR,276083,81924,39763,3500,953,149944
975,Jarvis,Reay,jreayr2@webnode.com,5qbVHi,186420,9683,21882,3500,953,150403
976,Vonnie,Birdsey,vbirdseyr3@digg.com,tmEgfwfapjI4,277024,82047,40073,3500,953,150451
977,Joleen,Yablsley,jyablsleyr4@microsoft.com,V6kv12RQm,109797,5689,10727,3500,953,88928
978,Jewel,Wordsley,jwordsleyr5@furl.net,97DthO,68467,3930,6506,3500,953,53578
979,Cirillo,Hamsley,chamsleyr6@usa.gov,ySztAtAFBVWQ,89629,5866,10845,3500,953,68466
980,Roderigo,Thorby,rthorbyr7@wikia.com,wney02bWHOSf,87110,5636,10328,3500,953,66693
981,Ermin,Tunnow,etunnowr8@guardian.co.uk,wNG4hu05sl,248204,78255,30563,3500,953,134934
982,Hewe,Canet,hcanetr9@istockphoto.com,7wXZYD,207455,12241,27982,3500,953,162780
983,Donn,McKennan,dmckennanra@de.vu,JhN2qyz,247413,78151,30302,3500,953,134508
984,Darby,Knowller,dknowllerrb@home.pl,PxsBkFCMNt,52913,2507,3318,3016,836,43236
985,Eal,Gotts,egottsrc@examiner.com,6VvKUWyvJ,94289,3959,11800,3500,953,74078
986,Trista,Blurton,tblurtonrd@wikimedia.org,sQGtrijT4VQT,197254,11000,25023,3500,953,156778
987,Cody,MacGinlay,cmacginlayre@xrea.com,3bOkLnfG,163599,6908,15263,3500,953,136975
988,Tamarra,Garnham,tgarnhamrf@admin.ch,i9gob5hi1R,66456,3746,6094,3500,953,52163
989,Frieda,Hulks,fhulksrg@mashable.com,DW93IzdYN7Oy,258165,79566,33850,3500,953,140297
990,Jemima,Sergant,jsergantrh@dropbox.com,ekbdgK,196653,10927,24849,3500,953,156424
991,Lorain,Lattey,llatteyri@hc360.com,byregv,221246,74707,31981,3500,953,110105
992,Eula,Nowaczyk,enowaczykrj@freewebs.com,XkQS9xHQ,41470,2094,6221,2364,655,30136
993,Jecho,Massot,jmassotrk@psu.edu,Dk7VZfEJE,41290,2085,6194,2354,652,30005
994,Winni,Berndtsson,wberndtssonrl@unicef.org,NIaxJsUR,147339,9879,20488,3500,953,112519
995,Traver,Maskew,tmaskewrm@canalblog.com,wPNhA1ob,293616,84231,45549,3500,953,159384
996,Waverly,Stainton - Skinn,wstaintonskinnrn@elegantthemes.com,w9T4Qi,161248,6622,14582,3500,953,135592
997,Noel,Fotherby,nfotherbyro@newsvine.com,BMPBQ7A71X,223716,75032,22482,3500,953,121750
998,Ivar,Rantoul,irantoulrp@goodreads.com,4bnrzyOL4C,36506,1844,5476,2081,577,26529
999,Amelia,Risen,arisenrq@free.fr,WnI4QEvCu5zZ,246889,78082,30129,3500,953,134226
1000,Augie,Szymanek,aszymanekrr@jalbum.net,0kW1qgtxEG,275607,81861,39606,3500,953,149688
